{
    "head": "head",
    "portraitScale": 1.7,
    "portraitTranslation": [ 0.0, 0.2, 0 ],
    "profileScale": 0.7,
    "profileTranslation": [ 0, 0.75, 0 ],
    "faint": "bedrock(pawniard, faint)",
    "poses": {

      "standing": {
        "poseName": "standing",
        "transformTicks": 10,
        "poseTypes": [
          "STAND",
          "NONE",
          "PORTRAIT",
          "PROFILE"
        ],
        "animations": [
          "look",
          "bedrock(pawniard, ground_idle)"
        ],
        "quirks": [
          {
            "name": "blink",
            "animations": ["bedrock(pawniard, blink)"]
          }
        ]
      },

      "walking": {
        "poseName": "walking",
        "transformTicks": 10,
        "poseTypes": [ "WALK" ],
        "animations": [ 
          "look",
          "bedrock(pawniard, ground_walk)"
        ],
        "quirks": [
          {
            "name": "blink",
            "animations": ["bedrock(pawniard, blink)"]
          }
        ]
      }
    }
  }