{
  "portraitScale": 1.2,
  "portraitTranslation": [-0.4, 0.9, 0],
  "profileScale": 0.72,
  "profileTranslation": [0.2, 0.7, 0],
  "animations": {
	  "cry": "q.bedrock_stateful('seismitoad', 'cry')",
		"status": "q.bedrock_primary('seismitoad', 'status', q.curve('symmetrical_wide'))"
  },
  "poses": {
	"battle-standing": {
      "poseTypes": ["STAND"],
      "isBattle": true,
      "animations": [
        "q.bedrock('seismitoad', 'battle_idle')"],
      "quirks": []
    },
    "standing": {
      "poseTypes": ["STAND", "NONE", "PORTRAIT", "PROFILE"],
      "isBattle": false,
      "animations": [
		"q.bedrock('seismitoad', 'ground_idle')"
      ],
      "quirks": []
    },
	"walking": {
      "poseTypes": ["WALK"],
      "animations": [
        "q.bedrock('seismitoad', 'ground_walk')"],
      "quirks": []
    },
	"sleep": {
      "poseTypes": ["SLEEP"],
      "animations": ["q.bedrock('seismitoad', 'sleep')"]
    }
  }
}
