{
	"format_version": "1.12.0",
	"minecraft:geometry": [
		{
			"description": {
				"identifier": "geometry.skwovet",
				"texture_width": 64,
				"texture_height": 64,
				"visible_bounds_width": 4,
				"visible_bounds_height": 3.5,
				"visible_bounds_offset": [0, 1.25, 0]
			},
			"bones": [
				{
					"name": "skwovet",
					"pivot": [0, 0, 0]
				},
				{
					"name": "allbody",
					"parent": "skwovet",
					"pivot": [0, 0, 0]
				},
				{
					"name": "legs",
					"parent": "allbody",
					"pivot": [0, 0, 1]
				},
				{
					"name": "leg1",
					"parent": "legs",
					"pivot": [-3, 0, 2],
					"cubes": [
						{"origin": [-4, 2, 0], "size": [3, 3, 3], "uv": [36, 46]}
					]
				},
				{
					"name": "legparte1",
					"parent": "leg1",
					"pivot": [0, -1, 2],
					"cubes": [
						{"origin": [-3.6, 1, 0.6], "size": [2, 1, 2], "uv": [24, 52]}
					]
				},
				{
					"name": "legminec",
					"parent": "leg1",
					"pivot": [0, -1, 2],
					"cubes": [
						{"origin": [-3.6, 0, -0.4], "size": [2, 1, 3], "uv": [24, 47]}
					]
				},
				{
					"name": "leg2",
					"parent": "legs",
					"pivot": [3, 0, 2],
					"cubes": [
						{"origin": [1, 2, 0], "size": [3, 3, 3], "uv": [11, 47]}
					]
				},
				{
					"name": "legparte2",
					"parent": "leg2",
					"pivot": [0, -1, 2],
					"cubes": [
						{"origin": [1.4, 1, 0.6], "size": [2, 1, 2], "uv": [33, 53]}
					]
				},
				{
					"name": "legminec2",
					"parent": "leg2",
					"pivot": [0, -1, 2],
					"cubes": [
						{"origin": [1.4, 0, -0.4], "size": [2, 1, 3], "uv": [50, 15]}
					]
				},
				{
					"name": "torso",
					"parent": "allbody",
					"pivot": [0, 0, 0],
					"cubes": [
						{"origin": [-3, 3, -1], "size": [6, 5, 5], "uv": [21, 23]}
					]
				},
				{
					"name": "torsomini",
					"parent": "torso",
					"pivot": [0, 0, 0],
					"cubes": [
						{"origin": [-2, 7, 0.2], "size": [4, 3, 3], "inflate": 0.8, "uv": [0, 38]}
					]
				},
				{
					"name": "head",
					"parent": "torsomini",
					"pivot": [0, 10, 2],
					"cubes": [
						{"origin": [-5, 10, -2], "size": [10, 4, 7], "inflate": -0.0001, "uv": [0, 0]},
						{"origin": [-4, 14, -2], "size": [8, 3, 7], "uv": [0, 12]},
						{"origin": [-4, 12.6, -2.01], "size": [3, 3, 0], "uv": [51, 53]},
						{"origin": [1, 12.6, -2.01], "size": [3, 3, 0], "uv": [11, 54]},
						{"origin": [3, 10, -2.4], "size": [3, 3, 3], "uv": [49, 34]},
						{"origin": [-6, 10, -2.4], "size": [3, 3, 3], "uv": [49, 41]}
					]
				},
				{
					"name": "nose",
					"parent": "head",
					"pivot": [0, 13, -3],
					"cubes": [
						{"origin": [-1.4, 11.6, -3], "size": [3, 2, 1], "uv": [42, 53]}
					]
				},
				{
					"name": "horejas",
					"parent": "head",
					"pivot": [0, -1, 0]
				},
				{
					"name": "horeja1",
					"parent": "horejas",
					"pivot": [0, -1, 0],
					"cubes": [
						{"origin": [-4, 15, 1], "size": [3, 3, 1], "pivot": [-2, 15, 2], "rotation": [0, 0, -17.5], "uv": [52, 0]},
						{"origin": [-4, 17, 2], "size": [2, 3, 0], "inflate": -0.0001, "pivot": [-2, 17, 3], "rotation": [0, 0, -35], "uv": [15, 38]},
						{"origin": [-5, 16, 2], "size": [2, 3, 0], "inflate": -0.0001, "pivot": [-3, 16, 3], "rotation": [0, 0, 35], "uv": [15, 42]}
					]
				},
				{
					"name": "horeja2",
					"parent": "horejas",
					"pivot": [0, -1, 0],
					"cubes": [
						{"origin": [1, 15, 1], "size": [3, 3, 1], "pivot": [2, 15, 2], "rotation": [0, 0, 17.5], "uv": [52, 5]},
						{"origin": [2, 17, 2], "size": [2, 3, 0], "inflate": -0.0001, "pivot": [2, 17, 3], "rotation": [0, 0, 35], "uv": [18, 54]},
						{"origin": [3, 16, 2], "size": [2, 3, 0], "inflate": -0.0001, "pivot": [3, 16, 3], "rotation": [0, 0, -35], "uv": [55, 20]}
					]
				},
				{
					"name": "eyes",
					"parent": "head",
					"pivot": [0, -2, 0]
				},
				{
					"name": "eye1",
					"parent": "eyes",
					"pivot": [1, -2, 0],
					"cubes": [
						{"origin": [-3.6, 13, -2.02], "size": [2, 2, 0], "uv": [23, 56]},
						{"origin": [-3, 13, -2.03], "size": [1, 1, 0], "uv": [44, 10]}
					]
				},
				{
					"name": "eye_pupiled1",
					"parent": "eye1",
					"pivot": [0, 0, 0],
					"cubes": [
						{"origin": [-2.8, 13.6, -2.04], "size": [1, 1, 0], "uv": [11, 45]}
					]
				},
				{
					"name": "ceja1",
					"parent": "eye1",
					"pivot": [0, 10, 3],
					"cubes": [
						{"origin": [-2.3, 14.3, -1.05], "size": [1, 1, 0], "uv": [53, 53]}
					]
				},
				{
					"name": "eye2",
					"parent": "eyes",
					"pivot": [-1, -2, 0],
					"cubes": [
						{"origin": [1.6, 13, -2.02], "size": [2, 2, 0], "uv": [28, 56]},
						{"origin": [2, 13, -2.03], "size": [1, 1, 0], "uv": [47, 10]}
					]
				},
				{
					"name": "eye_pupiled2",
					"parent": "eye2",
					"pivot": [0, 0, 0],
					"cubes": [
						{"origin": [1.8, 13.6, -2.04], "size": [1, 1, 0], "uv": [33, 57]}
					]
				},
				{
					"name": "ceja2",
					"parent": "eye2",
					"pivot": [0, 10, 3],
					"cubes": [
						{"origin": [1.3, 14.3, -1.05], "size": [1, 1, 0], "uv": [53, 53], "mirror": true}
					]
				},
				{
					"name": "smile",
					"parent": "head",
					"pivot": [0, -1, 0]
				},
				{
					"name": "smilept",
					"parent": "smile",
					"pivot": [0, -1, 0],
					"cubes": [
						{"origin": [-2, 11, -2.02], "size": [4, 1, 0], "uv": [35, 10]},
						{"origin": [-2.4, 11.4, -2.02], "size": [1, 1, 0], "uv": [36, 57]},
						{"origin": [1.6, 11.4, -2.02], "size": [1, 1, 0], "uv": [39, 57]}
					]
				},
				{
					"name": "smile_atrese",
					"parent": "smile",
					"pivot": [0, -1, -2],
					"cubes": [
						{"origin": [-2, 10, -1.01], "size": [4, 2, 0], "uv": [56, 62]}
					]
				},
				{
					"name": "bone",
					"parent": "smile_atrese",
					"pivot": [0, -1, -2],
					"cubes": [
						{"origin": [-0.55, 10.55, -2.01], "size": [1, 1, 0], "pivot": [0, 11, -3], "rotation": [0, 0, 45], "uv": [42, 57]}
					]
				},
				{
					"name": "hands",
					"parent": "torsomini",
					"pivot": [0, 1, 1]
				},
				{
					"name": "hand1",
					"parent": "hands",
					"pivot": [-2, 5, 1],
					"cubes": [
						{"origin": [-6.8, 8, 0.6], "size": [4, 2, 2], "uv": [49, 48]},
						{"origin": [-8.8, 8, 0.6], "size": [2, 2, 0], "uv": [50, 20]},
						{"origin": [-8.8, 8, 1.6], "size": [2, 2, 0], "uv": [55, 27]},
						{"origin": [-8.8, 8, 2.6], "size": [2, 2, 0], "uv": [55, 24]}
					]
				},
				{
					"name": "hand2",
					"parent": "hands",
					"pivot": [2, 5, 1],
					"cubes": [
						{"origin": [2.8, 8, 0.6], "size": [4, 2, 2], "uv": [50, 10]},
						{"origin": [6.8, 8, 0.6], "size": [2, 2, 0], "uv": [55, 30]},
						{"origin": [6.8, 8, 1.6], "size": [2, 2, 0], "uv": [0, 56]},
						{"origin": [6.8, 8, 2.6], "size": [2, 2, 0], "uv": [5, 56]}
					]
				},
				{
					"name": "line",
					"parent": "torso",
					"pivot": [0, 6, 6],
					"cubes": [
						{"origin": [-2, 4, 4], "size": [4, 5, 5], "inflate": 0.5, "uv": [31, 12]}
					]
				},
				{
					"name": "line2",
					"parent": "line",
					"pivot": [0, 6, 6],
					"cubes": [
						{"origin": [-2, 10, 5], "size": [4, 5, 4], "inflate": 0.5, "uv": [35, 0]}
					]
				},
				{
					"name": "line3",
					"parent": "line2",
					"pivot": [0, 6, 6],
					"cubes": [
						{"origin": [-1.4, 15, 5], "size": [3, 7, 7], "inflate": 0.48, "uv": [0, 23]},
						{"origin": [0, 12, 11], "size": [0, 5, 7], "uv": [21, 34]},
						{"origin": [0, 22, 3], "size": [0, 5, 6], "uv": [36, 34]}
					]
				}
			]
		}
	]
}