{
  "type": "minecraft:chest",
  "pools": [
    {
      "rolls": { "min": 8, "max":13 },
      "entries": [
        { "type": "loot_table", "value": "bca:support_tables/medicinal",          "weight": 1 },
        { "type": "loot_table", "value": "bca:support_tables/berries",           "weight": 5 },
        { "type": "loot_table", "value": "bca:support_tables/tools",              "weight": 5 },
        { "type": "loot_table", "value": "bca:support_tables/poke_currency",      "weight": 5 },
        { "type": "loot_table", "value": "bca:support_tables/apricorn",           "weight": 10 },
        { "type": "loot_table", "value": "bca:support_tables/poke_balls",         "weight": 7 },
        { "type": "loot_table", "value": "bca:support_tables/combat",             "weight": 4 },
        { "type": "loot_table", "value": "bca:item_groups/relic_coins",             "weight": 2 },
        { "type": "item",       "name": "minecraft:air",                          "weight": 20 }
      ]
    }
  ]
}
