{
  "species": "cobblemon:toxicroak",
  "order": 2,
  "variations": [
    {
      "aspects": [],
      "poser": "cobblemon:toxicroak",
      "model": "cobblemon:toxicroak.geo",
      "texture": "cobblemon:textures/pokemon/0454_toxicroak/toxicroak.png",
      "layers": []
    },
    {
      "aspects": [ "female" ],
      "poser": "cobblemon:toxicroak",
      "model": "cobblemon:toxicroak.geo",
      "texture": "cobblemon:textures/pokemon/0454_toxicroak/toxicroak.png"
    },
    {
      "aspects": [ "shiny" ],
      "texture": "cobblemon:textures/pokemon/0454_toxicroak/toxicroak_shiny.png"
    }
  ]
}