{
  "species": "cobblemon:chiyu",
  "order": 1,
  "variations": [
    {
      "aspects": [],
      "poser": "cobblemon:chiyu",
      "model": "cobblemon:chiyu.geo",
      "texture": "cobblemon:textures/pokemon/chiyu/chiyu.png",
      "layers": [
        {
          "name": "emissive",
          "emissive": true,
          "texture": "cobblemon:textures/pokemon/chiyu/chiyu_emissive.png",
          "translucent": true
        }
      ]
    },
    {
      "aspects": ["shiny"],
      "texture": "cobblemon:textures/pokemon/chiyu/chiyu_shiny.png",
      "layers": [
        {
          "name": "emissive",
          "emissive": true,
          "texture": "cobblemon:textures/pokemon/chiyu/chiyu_shiny_emissive.png",
          "translucent": true
        }
      ]
    }
  ]
}
