{
	"format_version": "1.12.0",
	"minecraft:geometry": [
		{
			"description": {
				"identifier": "geometry.mienfoo",
				"texture_width": 64,
				"texture_height": 64,
				"visible_bounds_width": 5,
				"visible_bounds_height": 4,
				"visible_bounds_offset": [0, 1, 0]
			},
			"bones": [
				{
					"name": "mienfoo",
					"pivot": [0, 0, 0]
				},
				{
					"name": "allbody",
					"parent": "mienfoo",
					"pivot": [0, 0, 0]
				},
				{
					"name": "legs",
					"parent": "allbody",
					"pivot": [0, 0, 0]
				},
				{
					"name": "leg1",
					"parent": "legs",
					"pivot": [1, 0, 1]
				},
				{
					"name": "legmini1",
					"parent": "leg1",
					"pivot": [1, 0, 1],
					"cubes": [
						{"origin": [-4.6, 3, -0.5], "size": [4, 3, 4], "uv": [34, 22]}
					]
				},
				{
					"name": "legparte1",
					"parent": "legmini1",
					"pivot": [1, 0, 1],
					"cubes": [
						{"origin": [-3.5, 0.38, 0.5], "size": [2, 4, 2], "uv": [40, 42]}
					]
				},
				{
					"name": "legnime1",
					"parent": "legparte1",
					"pivot": [1, 0, 1],
					"cubes": [
						{"origin": [-4, 0, -2], "size": [3, 1, 5], "uv": [34, 4]}
					]
				},
				{
					"name": "leg2",
					"parent": "legs",
					"pivot": [-1, 0, 1]
				},
				{
					"name": "legmini2",
					"parent": "leg2",
					"pivot": [-1, 0, 1],
					"cubes": [
						{"origin": [0.6, 3, -0.5], "size": [4, 3, 4], "uv": [34, 22], "mirror": true}
					]
				},
				{
					"name": "legparte2",
					"parent": "legmini2",
					"pivot": [-1, 0, 1],
					"cubes": [
						{"origin": [1.5, 0.38, 0.5], "size": [2, 4, 2], "uv": [40, 42], "mirror": true}
					]
				},
				{
					"name": "legnime2",
					"parent": "legparte2",
					"pivot": [-1, 0, 1],
					"cubes": [
						{"origin": [1, 0, -2], "size": [3, 1, 5], "uv": [34, 4], "mirror": true}
					]
				},
				{
					"name": "torso",
					"parent": "allbody",
					"pivot": [0, -1, 1]
				},
				{
					"name": "torsoparte",
					"parent": "torso",
					"pivot": [0, -1, 1],
					"cubes": [
						{"origin": [-5, 5, -2.5], "size": [10, 3, 7], "uv": [0, 0]},
						{"origin": [-5, 8.2, -2.5], "size": [10, 0, 7], "uv": [0, 24]}
					]
				},
				{
					"name": "bone2",
					"parent": "torsoparte",
					"pivot": [0, -1, 0],
					"cubes": [
						{"origin": [-5.01, 4.2, -2.5], "size": [0, 4, 7], "uv": [0, 39]}
					]
				},
				{
					"name": "bone3",
					"parent": "torsoparte",
					"pivot": [0, -1, 0],
					"cubes": [
						{"origin": [5.01, 4.2, -2.5], "size": [0, 4, 7], "uv": [0, 39], "mirror": true}
					]
				},
				{
					"name": "bone",
					"parent": "torsoparte",
					"pivot": [0, -1, 1],
					"cubes": [
						{"origin": [-5, 4.2, -2.51], "size": [10, 4, 0], "uv": [34, 0]}
					]
				},
				{
					"name": "bone4",
					"parent": "torsoparte",
					"pivot": [0, -1, 8],
					"cubes": [
						{"origin": [-5, 4.2, 4.52], "size": [10, 4, 0], "uv": [34, 0]}
					]
				},
				{
					"name": "torsomini",
					"parent": "torsoparte",
					"pivot": [0, -1, 1],
					"cubes": [
						{"origin": [-3, 8, -1.5], "size": [6, 3, 5], "uv": [0, 31]},
						{"origin": [-1.5, 11, -0.5], "size": [3, 8, 3], "uv": [14, 40]}
					]
				},
				{
					"name": "head",
					"parent": "torsomini",
					"pivot": [0, 20, 1],
					"cubes": [
						{"origin": [-3.5, 18, -3], "size": [7, 7, 7], "uv": [0, 10]},
						{"origin": [-2, 23, -3.01], "size": [4, 2, 0], "uv": [48, 45]}
					]
				},
				{
					"name": "nose",
					"parent": "head",
					"pivot": [0, 0, 1],
					"cubes": [
						{"origin": [-1.5, 18.01, -4], "size": [3, 2, 2], "uv": [26, 47]}
					]
				},
				{
					"name": "smile",
					"parent": "nose",
					"pivot": [0, 0, 0],
					"cubes": [
						{"origin": [-1, 18, -3.91], "size": [2, 1, 0], "uv": [1, 1]}
					]
				},
				{
					"name": "eyes",
					"parent": "head",
					"pivot": [0, 0, 1]
				},
				{
					"name": "eye1",
					"parent": "eyes",
					"pivot": [0, 0, 1],
					"cubes": [
						{"origin": [-2.5, 20, -3.03], "size": [1, 2, 0], "uv": [34, 29]}
					]
				},
				{
					"name": "eye_pupiled1",
					"parent": "eye1",
					"pivot": [0, -1, 2],
					"cubes": [
						{"origin": [-2.5, 20.5, -2.03], "size": [1, 1, 0], "uv": [34, 29]}
					]
				},
				{
					"name": "eye2",
					"parent": "eyes",
					"pivot": [0, 0, 1],
					"cubes": [
						{"origin": [1.5, 20, -3.03], "size": [1, 2, 0], "uv": [34, 29], "mirror": true}
					]
				},
				{
					"name": "eye_pupiled2",
					"parent": "eye2",
					"pivot": [0, -1, 2],
					"cubes": [
						{"origin": [1.5, 20.5, -2.03], "size": [1, 1, 0], "uv": [34, 29], "mirror": true}
					]
				},
				{
					"name": "cejas",
					"parent": "eyes",
					"pivot": [1.08335, 0, 0.90904]
				},
				{
					"name": "ceja1",
					"parent": "cejas",
					"pivot": [1.08335, 0, 0.90904],
					"cubes": [
						{"origin": [-2, 21, -3.01], "size": [1, 1, 0], "uv": [28, 23]}
					]
				},
				{
					"name": "ceja_part1",
					"parent": "ceja1",
					"pivot": [1.08335, 0, 0.90904],
					"cubes": [
						{"origin": [-2.8, 22, -3.01], "size": [1, 1, 0], "uv": [30, 23]}
					]
				},
				{
					"name": "ceja_mini1",
					"parent": "ceja1",
					"pivot": [0.08335, 0, 1.90904],
					"cubes": [
						{"origin": [-3.5, 21, -2.01], "size": [1, 1, 0], "uv": [28, 23]}
					]
				},
				{
					"name": "ceja2",
					"parent": "cejas",
					"pivot": [-1.08335, 0, 0.90904],
					"cubes": [
						{"origin": [1, 21, -3.01], "size": [1, 1, 0], "uv": [28, 23], "mirror": true}
					]
				},
				{
					"name": "ceja_part2",
					"parent": "ceja2",
					"pivot": [-1.08335, 0, 0.90904],
					"cubes": [
						{"origin": [1.8, 22, -3.01], "size": [1, 1, 0], "uv": [30, 23], "mirror": true}
					]
				},
				{
					"name": "ceja_mini2",
					"parent": "ceja2",
					"pivot": [-0.08335, 0, 1.90904],
					"cubes": [
						{"origin": [2.5, 21, -2.01], "size": [1, 1, 0], "uv": [28, 23], "mirror": true}
					]
				},
				{
					"name": "hoidos",
					"parent": "head",
					"pivot": [0.08335, 0, 0.90904]
				},
				{
					"name": "hoido1",
					"parent": "hoidos",
					"pivot": [0.08335, 0, 0.90904],
					"rotation": [0, 15, 0],
					"cubes": [
						{"origin": [-4.91665, 24, 0], "size": [3, 3, 0], "pivot": [-2.91665, 24, 0.90904], "rotation": [-15, 0, 0], "uv": [46, 48]}
					]
				},
				{
					"name": "hoido2",
					"parent": "hoidos",
					"pivot": [-0.08335, 0, 0.90904],
					"rotation": [0, -15, 0],
					"cubes": [
						{"origin": [1.91665, 24, 0], "size": [3, 3, 0], "pivot": [2.91665, 24, 0.90904], "rotation": [-15, 0, 0], "uv": [46, 48], "mirror": true}
					]
				},
				{
					"name": "bigotes",
					"parent": "head",
					"pivot": [0.08335, 0, 1.90904]
				},
				{
					"name": "bigote1",
					"parent": "bigotes",
					"pivot": [0.91665, 0, 1.90904],
					"cubes": [
						{"origin": [-6, 19, -1.09096], "size": [3, 1, 0], "uv": [28, 22]}
					]
				},
				{
					"name": "bigote2",
					"parent": "bigotes",
					"pivot": [-0.91665, 0, 1.90904],
					"cubes": [
						{"origin": [3, 19, -1.09096], "size": [3, 1, 0], "uv": [28, 22], "mirror": true}
					]
				},
				{
					"name": "hands",
					"parent": "torsomini",
					"pivot": [0, -1, 4]
				},
				{
					"name": "hand0",
					"parent": "hands",
					"pivot": [-2, 14, 1],
					"cubes": [
						{"origin": [-5.3, 12.6, -0.5], "size": [4, 4, 3], "inflate": -0.2, "uv": [26, 40]}
					]
				},
				{
					"name": "part_hand0",
					"parent": "hand0",
					"pivot": [2, 17, -2],
					"cubes": [
						{"origin": [-9.9, 11.8, -1], "size": [5, 5, 4], "inflate": -0.1, "uv": [22, 31]}
					]
				},
				{
					"name": "partmine0",
					"parent": "part_hand0",
					"pivot": [0, -1, 1],
					"cubes": [
						{"origin": [-12.7, 11, -2], "size": [5, 6, 6], "inflate": -0.1, "uv": [28, 10]}
					]
				},
				{
					"name": "nail1",
					"parent": "partmine0",
					"pivot": [0, -1, 1],
					"cubes": [
						{"origin": [-16.6, 14.2, -0.5], "size": [4, 2, 3], "uv": [40, 29]}
					]
				},
				{
					"name": "hand1",
					"parent": "hands",
					"pivot": [2, 14, 1],
					"cubes": [
						{"origin": [1.3, 12.6, -0.5], "size": [4, 4, 3], "inflate": -0.2, "uv": [26, 40], "mirror": true}
					]
				},
				{
					"name": "part_hand1",
					"parent": "hand1",
					"pivot": [-2, 17, -2],
					"cubes": [
						{"origin": [4.9, 11.8, -1], "size": [5, 5, 4], "inflate": -0.1, "uv": [22, 31], "mirror": true}
					]
				},
				{
					"name": "partmine1",
					"parent": "part_hand1",
					"pivot": [0, -1, 1],
					"cubes": [
						{"origin": [7.7, 11, -2], "size": [5, 6, 6], "inflate": -0.1, "uv": [28, 10], "mirror": true}
					]
				},
				{
					"name": "nail2",
					"parent": "partmine1",
					"pivot": [0, -1, 1],
					"cubes": [
						{"origin": [12.6, 14.2, -0.5], "size": [4, 2, 3], "uv": [40, 29], "mirror": true}
					]
				},
				{
					"name": "line",
					"parent": "torsomini",
					"pivot": [0, -2, 1],
					"cubes": [
						{"origin": [-1, 8, 4.5], "size": [2, 0, 3], "uv": [36, 48]}
					]
				},
				{
					"name": "line2",
					"parent": "line",
					"pivot": [0, -2, 4],
					"cubes": [
						{"origin": [-1, 8, 7.5], "size": [2, 0, 3], "uv": [48, 42]}
					]
				},
				{
					"name": "line3",
					"parent": "line2",
					"pivot": [0, -2, 7],
					"cubes": [
						{"origin": [-1.5, 8, 10.5], "size": [3, 0, 4], "uv": [40, 34]}
					]
				},
				{
					"name": "line4",
					"parent": "line3",
					"pivot": [0, -2, 11],
					"cubes": [
						{"origin": [-1.5, 8, 14.5], "size": [3, 0, 4], "uv": [40, 38]}
					]
				}
			]
		}
	]
}