{
  "implemented": true,
  "target": "cobblemon:lucario",
  "features": ["mega_evolution"],
  "forms": [
    {
      "name": "Mega",
      "primaryType": "fighting",
      "secondaryType": "steel",
      "pokedex": ["cobblemon.species.lucario-mega.desc"],
      "labels": ["gen4", "mega"],
      "aspects": ["mega"],
      "abilities": ["adaptability", "adaptability","h:adaptability"],
      "baseStats": {
        "hp": 70,
        "attack": 145,
        "defence": 88,
        "special_attack": 140,
        "special_defence": 70,
        "speed": 112
      },
      "evolutions": [],
      "battleOnly": true
    },
    
    {
      "name": "Mega-Z",
      "primaryType": "fighting",
      "secondaryType": "steel",
      "pokedex": ["cobblemon.species.lucario-mega-z.desc"],
      "labels": ["gen4", "mega_z"],
      "aspects": ["mega_z"],
      "abilities": ["aurapower", "aurapower","h:aurapower"],
      "baseStats": {
        "hp": 70,
        "attack": 93,
        "defence": 90,
        "special_attack": 134,
        "special_defence": 96,
        "speed": 142
      },
      "evolutions": [],

              "behaviour": {
    "moving": {
      "walk": {
        "walkSpeed": 0.6
      },
      "swim": {
        "swimSpeed": 0.1,
        "canBreatheUnderwater": false,
        "canSwimInWater": true,
        "canSwimInLava": false
      }
    }
              },
      "battleOnly": true
    }
  ]
}
