{
	"format_version": "1.8.0",
	"animations": {
		"animation.beautifly.ground_idle": {
			"loop": true,
			"animation_length": 2,
			"bones": {
				"right_wing": {
					"rotation": [0, "30-30*math.sin(query.anim_time*1440)", 0]
				},
				"left_wing": {
					"rotation": [0, "-30+30*math.sin(query.anim_time*1440)", 0]
				},
				"left_antenna": {
					"rotation": [-20, 0, "5+5*math.sin(query.anim_time*180+90)"]
				},
				"right_antenna": {
					"rotation": [-20, 0, "-5-5*math.sin(query.anim_time*180+90)"]
				},
				"body": {
					"rotation": ["15+5*math.sin(query.anim_time*180)", 0, 0],
					"position": [0, "2+1*math.sin(query.anim_time*180)", 0]
				},
				"head": {
					"rotation": [-10, 0, 0]
				},
				"left_wing_ext": {
					"rotation": ["-20*math.sin(query.anim_time*1440-720)", 0, 0]
				},
				"right_wing_ext": {
					"rotation": ["-20*math.sin(query.anim_time*1440-720)", 0, 0]
				},
				"mouth": {
					"rotation": ["3*math.sin(query.anim_time*180+90)", 0, 0]
				},
				"right_arm": {
					"rotation": ["5-5*math.sin(query.anim_time*180-45)", 0, 0]
				},
				"left_arm": {
					"rotation": ["5-5*math.sin(query.anim_time*180-45)", 0, 0]
				},
				"left_leg": {
					"rotation": ["5-5*math.sin(query.anim_time*180-90)", 0, 0]
				},
				"right_leg": {
					"rotation": ["5-5*math.sin(query.anim_time*180-90)", 0, 0]
				}
			}
		},
		"animation.beautifly.air_idle": {
			"loop": true,
			"animation_length": 2,
			"bones": {
				"right_wing": {
					"rotation": [0, "30-30*math.sin(query.anim_time*1440)", 0]
				},
				"left_wing": {
					"rotation": [0, "-30+30*math.sin(query.anim_time*1440)", 0]
				},
				"left_antenna": {
					"rotation": [-20, 0, "5+5*math.sin(query.anim_time*180+90)"]
				},
				"right_antenna": {
					"rotation": [-20, 0, "-5-5*math.sin(query.anim_time*180+90)"]
				},
				"body": {
					"rotation": ["15+5*math.sin(query.anim_time*180)", 0, 0],
					"position": [0, "2+1*math.sin(query.anim_time*180)", 0]
				},
				"head": {
					"rotation": [-10, 0, 0]
				},
				"left_wing_ext": {
					"rotation": ["-20*math.sin(query.anim_time*1440-720)", 0, 0]
				},
				"right_wing_ext": {
					"rotation": ["-20*math.sin(query.anim_time*1440-720)", 0, 0]
				},
				"mouth": {
					"rotation": ["3*math.sin(query.anim_time*180+90)", 0, 0]
				},
				"right_arm": {
					"rotation": ["5-5*math.sin(query.anim_time*180-45)", 0, 0]
				},
				"left_arm": {
					"rotation": ["5-5*math.sin(query.anim_time*180-45)", 0, 0]
				},
				"left_leg": {
					"rotation": ["5-5*math.sin(query.anim_time*180-90)", 0, 0]
				},
				"right_leg": {
					"rotation": ["5-5*math.sin(query.anim_time*180-90)", 0, 0]
				}
			}
		},
		"animation.beautifly.battle_idle": {
			"loop": true,
			"animation_length": 2,
			"bones": {
				"right_wing": {
					"rotation": [0, "30-30*math.sin(query.anim_time*1440)", 0]
				},
				"left_wing": {
					"rotation": [0, "-30+30*math.sin(query.anim_time*1440)", 0]
				},
				"left_antenna": {
					"rotation": [-20, 0, "5+5*math.sin(query.anim_time*180+90)"]
				},
				"right_antenna": {
					"rotation": [-20, 0, "-5-5*math.sin(query.anim_time*180+90)"]
				},
				"body": {
					"rotation": ["15+5*math.sin(query.anim_time*180)", 0, 0],
					"position": [0, "2+1*math.sin(query.anim_time*180)", 0]
				},
				"head": {
					"rotation": [-10, 0, 0]
				},
				"left_wing_ext": {
					"rotation": ["-20*math.sin(query.anim_time*1440-720)", 0, 0]
				},
				"right_wing_ext": {
					"rotation": ["-20*math.sin(query.anim_time*1440-720)", 0, 0]
				},
				"mouth": {
					"rotation": ["3*math.sin(query.anim_time*180+90)", 0, 0]
				},
				"right_arm": {
					"rotation": ["5-5*math.sin(query.anim_time*180-45)", 0, 0]
				},
				"left_arm": {
					"rotation": ["5-5*math.sin(query.anim_time*180-45)", 0, 0]
				},
				"left_leg": {
					"rotation": ["5-5*math.sin(query.anim_time*180-90)", 0, 0]
				},
				"right_leg": {
					"rotation": ["5-5*math.sin(query.anim_time*180-90)", 0, 0]
				}
			}
		},
		"animation.beautifly.air_fly": {
			"loop": true,
			"animation_length": 2,
			"bones": {
				"right_wing": {
					"rotation": [0, "30-30*math.sin(query.anim_time*1440)", 0]
				},
				"left_wing": {
					"rotation": [0, "-30+30*math.sin(query.anim_time*1440)", 0]
				},
				"left_antenna": {
					"rotation": [-20, 0, "5+5*math.sin(query.anim_time*180+90)"]
				},
				"right_antenna": {
					"rotation": [-20, 0, "-5-5*math.sin(query.anim_time*180+90)"]
				},
				"body": {
					"rotation": ["30+5*math.sin(query.anim_time*180)", 0, 0],
					"position": [0, "3+1*math.sin(query.anim_time*360)", 0]
				},
				"head": {
					"rotation": [-10, 0, 0]
				},
				"left_wing_ext": {
					"rotation": ["-20*math.sin(query.anim_time*1440-720)", 0, 0]
				},
				"right_wing_ext": {
					"rotation": ["-20*math.sin(query.anim_time*1440-720)", 0, 0]
				},
				"mouth": {
					"rotation": ["3*math.sin(query.anim_time*180+90)", 0, 0]
				},
				"right_leg": {
					"rotation": ["5-5*math.sin(query.anim_time*180-90)", 0, 0]
				},
				"right_arm": {
					"rotation": ["5-5*math.sin(query.anim_time*180-45)", 0, 0]
				},
				"left_arm": {
					"rotation": ["5-5*math.sin(query.anim_time*180-45)", 0, 0]
				},
				"left_leg": {
					"rotation": ["5-5*math.sin(query.anim_time*180-90)", 0, 0]
				}
			}
		},
		"animation.beautifly.physical": {
			"loop": true,
			"animation_length": 2,
			"bones": {
				"right_wing": {
					"rotation": [0, "30-30*math.sin(query.anim_time*1440)", 0]
				},
				"left_wing": {
					"rotation": [0, "-30+30*math.sin(query.anim_time*1440)", 0]
				},
				"left_antenna": {
					"rotation": [-20, 0, "5+5*math.sin(query.anim_time*180+90)"]
				},
				"right_antenna": {
					"rotation": [-20, 0, "-5-5*math.sin(query.anim_time*180+90)"]
				},
				"body": {
					"rotation": {
						"0.0": ["15+5*math.sin(query.anim_time*180)", 0, 0],
						"0.5": ["-10+5*math.sin(query.anim_time*180)", 0, 0],
						"1.0": ["15+5*math.sin(query.anim_time*180)", 0, 0],
						"1.25": ["90+5*math.sin(query.anim_time*180)", 0, 0],
						"2.0": ["15+5*math.sin(query.anim_time*180)", 0, 0]
					},
					"position": {
						"0.0": {
							"post": [0, 2, 0],
							"lerp_mode": "catmullrom"
						},
						"0.5": {
							"post": [0, 5, 6],
							"lerp_mode": "catmullrom"
						},
						"0.75": {
							"post": [0, 5, 6],
							"lerp_mode": "catmullrom"
						},
						"1.25": {
							"post": [0, 12, -4],
							"lerp_mode": "catmullrom"
						},
						"2.0": {
							"post": [0, 2, 0],
							"lerp_mode": "catmullrom"
						}
					}
				},
				"head": {
					"position": [0, "-0.5+0.5*math.sin(query.anim_time*180-90)", 0]
				},
				"left_wing_ext": {
					"rotation": ["-20*math.sin(query.anim_time*1440-720)", 0, 0]
				},
				"right_wing_ext": {
					"rotation": ["-20*math.sin(query.anim_time*1440-720)", 0, 0]
				},
				"mouth": {
					"rotation": {
						"0.0": ["3*math.sin(query.anim_time*180+90)", 0, 0],
						"1.0": ["3*math.sin(query.anim_time*180+90)", 0, 0],
						"1.25": ["-50+3*math.sin(query.anim_time*180+90)", 0, 0],
						"2.0": ["3*math.sin(query.anim_time*180+90)", 0, 0]
					}
				},
				"right_arm": {
					"rotation": ["5-5*math.sin(query.anim_time*180-45)", 0, 0]
				},
				"left_arm": {
					"rotation": ["5-5*math.sin(query.anim_time*180-45)", 0, 0]
				},
				"left_leg": {
					"rotation": ["5-5*math.sin(query.anim_time*180-90)", 0, 0]
				},
				"right_leg": {
					"rotation": ["5-5*math.sin(query.anim_time*180-90)", 0, 0]
				}
			}
		},
		"animation.beautifly.cry": {
			"loop": false,
			"animation_length": 2,
			"bones": {
				"right_wing": {
					"rotation": [0, "30-30*math.sin(query.anim_time*1440)", 0]
				},
				"left_wing": {
					"rotation": [0, "-30+30*math.sin(query.anim_time*1440)", 0]
				},
				"left_antenna": {
					"rotation": [-20, 0, "5+5*math.sin(query.anim_time*180+90)"]
				},
				"right_antenna": {
					"rotation": [-20, 0, "-5-5*math.sin(query.anim_time*180+90)"]
				},
				"body": {
					"rotation": {
						"0.0": ["15+5*math.sin(query.anim_time*180)", 0, 0],
						"0.5": ["-10+5*math.sin(query.anim_time*180)", 0, 0],
						"1.0": ["15+5*math.sin(query.anim_time*180)", 0, 0],
						"1.25": ["90+5*math.sin(query.anim_time*180)", 0, 0],
						"2.0": ["15+5*math.sin(query.anim_time*180)", 0, 0]
					},
					"position": {
						"0.0": {
							"post": [0, 2, 0],
							"lerp_mode": "catmullrom"
						},
						"0.5": {
							"post": [0, 5, 6],
							"lerp_mode": "catmullrom"
						},
						"0.75": {
							"post": [0, 5, 6],
							"lerp_mode": "catmullrom"
						},
						"1.25": {
							"post": [0, 12, -4],
							"lerp_mode": "catmullrom"
						},
						"2.0": {
							"post": [0, 2, 0],
							"lerp_mode": "catmullrom"
						}
					}
				},
				"head": {
					"position": [0, "-0.5+0.5*math.sin(query.anim_time*180-90)", 0]
				},
				"left_wing_ext": {
					"rotation": ["-20*math.sin(query.anim_time*1440-720)", 0, 0]
				},
				"right_wing_ext": {
					"rotation": ["-20*math.sin(query.anim_time*1440-720)", 0, 0]
				},
				"mouth": {
					"rotation": {
						"0.0": ["3*math.sin(query.anim_time*180+90)", 0, 0],
						"1.0": ["3*math.sin(query.anim_time*180+90)", 0, 0],
						"1.25": ["-50+3*math.sin(query.anim_time*180+90)", 0, 0],
						"2.0": ["3*math.sin(query.anim_time*180+90)", 0, 0]
					}
				},
				"right_arm": {
					"rotation": ["5-5*math.sin(query.anim_time*180-45)", 0, 0]
				},
				"left_arm": {
					"rotation": ["5-5*math.sin(query.anim_time*180-45)", 0, 0]
				},
				"left_leg": {
					"rotation": ["5-5*math.sin(query.anim_time*180-90)", 0, 0]
				},
				"right_leg": {
					"rotation": ["5-5*math.sin(query.anim_time*180-90)", 0, 0]
				}
			},
			"sound_effects": {
        		"0.1": {
          			"effect": "pokemon.beautifly.cry"
        		}
      		}
		}
	}
}