{
	"format_version": "1.8.0",
	"animations": {
		"animation.cascoon.idle": {
			"loop": true,
			"animation_length": 2,
			"bones": {
				"left_eye": {
					"scale": {
						"0.0": {
							"post": [1, 1, 1],
							"lerp_mode": "catmullrom"
						},
						"1.0417": {
							"post": [1, 1, 1],
							"lerp_mode": "catmullrom"
						},
						"1.1667": {
							"post": [1, 0, 1],
							"lerp_mode": "catmullrom"
						},
						"1.25": {
							"post": [1, 1, 1],
							"lerp_mode": "catmullrom"
						},
						"2.0": {
							"post": [1, 1, 1],
							"lerp_mode": "catmullrom"
						}
					}
				},
				"cascoon": {
					"rotation": [0, 0, 0],
					"position": [0, "0.5+0.5*math.sin(query.anim_time*180)", 0]
				},
				"left_spike1": {
					"scale": ["0.9+0.1*math.sin(query.anim_time*180)", 1, 1]
				},
				"center_spike1": {
					"scale": [1, 1, "0.9+0.1*math.sin(query.anim_time*180)"]
				},
				"center_spike2": {
					"rotation": [5, 0, 0],
					"scale": [1, 1, "0.9+0.1*math.sin(query.anim_time*180)"]
				},
				"right_spike1": {
					"scale": ["0.9+0.1*math.sin(query.anim_time*180)", 1, 1]
				},
				"left_spike2": {
					"scale": ["0.9+0.1*math.sin(query.anim_time*180)", 1, 1]
				},
				"left_spike4": {
					"scale": ["0.9+0.1*math.sin(query.anim_time*180)", 1, 1]
				},
				"right_spike4": {
					"scale": ["0.9+0.1*math.sin(query.anim_time*180)", 1, 1]
				},
				"right_spike2": {
					"scale": ["0.9+0.1*math.sin(query.anim_time*180)", 1, 1]
				},
				"left_spike3": {
					"scale": ["0.9+0.1*math.sin(query.anim_time*180)", 1, 1]
				},
				"right_spike3": {
					"scale": ["0.9+0.1*math.sin(query.anim_time*180)", 1, 1]
				},
				"right_eye": {
					"scale": {
						"0.0": {
							"post": [1, 1, 1],
							"lerp_mode": "catmullrom"
						},
						"1.0417": {
							"post": [1, 1, 1],
							"lerp_mode": "catmullrom"
						},
						"1.1667": {
							"post": [1, 0, 1],
							"lerp_mode": "catmullrom"
						},
						"1.25": {
							"post": [1, 1, 1],
							"lerp_mode": "catmullrom"
						},
						"2.0": {
							"post": [1, 1, 1],
							"lerp_mode": "catmullrom"
						}
					}
				}
			}
		},
		"animation.cascoon.walk": {
			"loop": true,
			"animation_length": 2,
			"bones": {
				"left_eye": {
					"scale": {
						"0.0": {
							"post": [1, 1, 1],
							"lerp_mode": "catmullrom"
						},
						"0.4583": {
							"post": [1, 1, 1],
							"lerp_mode": "catmullrom"
						},
						"0.5833": {
							"post": [1, 0, 1],
							"lerp_mode": "catmullrom"
						},
						"0.7917": {
							"post": [1, 1, 1],
							"lerp_mode": "catmullrom"
						},
						"2.0": {
							"post": [1, 1, 1],
							"lerp_mode": "catmullrom"
						}
					}
				},
				"cascoon": {
					"rotation": {
						"0.0": {
							"post": [0, 0, 0],
							"lerp_mode": "catmullrom"
						},
						"0.5": {
							"post": [-7.5, 0, 0],
							"lerp_mode": "catmullrom"
						},
						"0.75": {
							"post": [30, 0, 0],
							"lerp_mode": "catmullrom"
						},
						"1.0417": {
							"post": [-20, 0, 0],
							"lerp_mode": "catmullrom"
						},
						"1.2917": {
							"post": [0, 0, 0],
							"lerp_mode": "catmullrom"
						},
						"2.0": {
							"post": [0, 0, 0],
							"lerp_mode": "catmullrom"
						}
					},
					"position": {
						"0.0": [0, "0.5*math.sin(query.anim_time*180)", 0],
						"0.5": [0, "1+0.5*math.sin(query.anim_time*180)", 0],
						"0.75": [0, "10+0.5*math.sin(query.anim_time*180)", 0],
						"1.2917": [0, "1+0.5*math.sin(query.anim_time*180)", 0],
						"2.0": [0, "0.5*math.sin(query.anim_time*180)", 0]
					}
				},
				"left_spike1": {
					"scale": ["0.9+0.1*math.sin(query.anim_time*180)", 1, 1]
				},
				"center_spike1": {
					"scale": [1, 1, "0.9+0.1*math.sin(query.anim_time*180)"]
				},
				"center_spike2": {
					"rotation": [5, 0, 0],
					"scale": [1, 1, "0.9+0.1*math.sin(query.anim_time*180)"]
				},
				"right_spike1": {
					"scale": ["0.9+0.1*math.sin(query.anim_time*180)", 1, 1]
				},
				"left_spike2": {
					"scale": ["0.9+0.1*math.sin(query.anim_time*180)", 1, 1]
				},
				"left_spike4": {
					"scale": ["0.9+0.1*math.sin(query.anim_time*180)", 1, 1]
				},
				"right_spike4": {
					"scale": ["0.9+0.1*math.sin(query.anim_time*180)", 1, 1]
				},
				"right_spike2": {
					"scale": ["0.9+0.1*math.sin(query.anim_time*180)", 1, 1]
				},
				"left_spike3": {
					"scale": ["0.9+0.1*math.sin(query.anim_time*180)", 1, 1]
				},
				"right_spike3": {
					"scale": ["0.9+0.1*math.sin(query.anim_time*180)", 1, 1]
				},
				"right_eye": {
					"scale": {
						"0.0": {
							"post": [1, 1, 1],
							"lerp_mode": "catmullrom"
						},
						"0.4583": {
							"post": [1, 1, 1],
							"lerp_mode": "catmullrom"
						},
						"0.5833": {
							"post": [1, 0, 1],
							"lerp_mode": "catmullrom"
						},
						"0.7917": {
							"post": [1, 1, 1],
							"lerp_mode": "catmullrom"
						},
						"2.0": {
							"post": [1, 1, 1],
							"lerp_mode": "catmullrom"
						}
					}
				}
			}
		},
		"animation.cascoon.physical": {
			"loop": true,
			"animation_length": 1,
			"bones": {
				"left_eye": {
					"scale": {
						"0.0": {
							"post": [1, 1, 1],
							"lerp_mode": "catmullrom"
						},
						"0.25": {
							"post": [1, 1, 1],
							"lerp_mode": "catmullrom"
						},
						"0.5": {
							"post": [1, 0.5, 1],
							"lerp_mode": "catmullrom"
						},
						"0.6667": {
							"post": [1, 1, 1],
							"lerp_mode": "catmullrom"
						},
						"1.0": {
							"post": [1, 1, 1],
							"lerp_mode": "catmullrom"
						}
					}
				},
				"cascoon": {
					"rotation": {
						"0.0": [0, 0, 0],
						"0.5": {
							"pre": [12.5, 0, 0],
							"post": [12.5, 0, 0],
							"lerp_mode": "catmullrom"
						},
						"0.625": {
							"post": [-12.5, 0, 0],
							"lerp_mode": "catmullrom"
						},
						"1.0": [0, 0, 0]
					},
					"position": {
						"0.0": [0, 0, 0],
						"0.5": {
							"pre": [0, 1, 0],
							"post": [0, 1, 0],
							"lerp_mode": "catmullrom"
						},
						"0.625": {
							"post": [0, 5, 0],
							"lerp_mode": "catmullrom"
						},
						"1.0": [0, 0, 0]
					}
				},
				"left_spike1": {
					"scale": {
						"0.0": [1, 1, 1],
						"0.5": {
							"pre": [0.5, 1, 1],
							"post": [0.5, 1, 1],
							"lerp_mode": "catmullrom"
						},
						"0.625": {
							"post": [1, 1, 1],
							"lerp_mode": "catmullrom"
						},
						"1.0": [1, 1, 1]
					}
				},
				"center_spike1": {
					"scale": {
						"0.0": [1, 1, 1],
						"0.5": {
							"pre": [1, 1, 0.5],
							"post": [1, 1, 0.5],
							"lerp_mode": "catmullrom"
						},
						"0.625": {
							"post": [1, 1, 1],
							"lerp_mode": "catmullrom"
						},
						"1.0": [1, 1, 1]
					}
				},
				"center_spike2": {
					"rotation": {
						"0.0": [5, 0, 0],
						"1.0": [5, 0, 0]
					},
					"scale": {
						"0.0": [1, 1, 1],
						"0.5": {
							"pre": [1, 1, 0.5],
							"post": [1, 1, 0.5],
							"lerp_mode": "catmullrom"
						},
						"0.625": {
							"post": [1, 1, 1],
							"lerp_mode": "catmullrom"
						},
						"1.0": [1, 1, 1]
					}
				},
				"right_spike1": {
					"scale": {
						"0.0": [1, 1, 1],
						"0.5": {
							"pre": [0.5, 1, 1],
							"post": [0.5, 1, 1],
							"lerp_mode": "catmullrom"
						},
						"0.625": {
							"post": [1, 1, 1],
							"lerp_mode": "catmullrom"
						},
						"1.0": [1, 1, 1]
					}
				},
				"left_spike2": {
					"scale": {
						"0.0": [1, 1, 1],
						"0.5": {
							"pre": [0.5, 1, 1],
							"post": [0.5, 1, 1],
							"lerp_mode": "catmullrom"
						},
						"0.625": {
							"post": [1, 1, 1],
							"lerp_mode": "catmullrom"
						},
						"1.0": [1, 1, 1]
					}
				},
				"left_spike4": {
					"scale": {
						"0.0": [1, 1, 1],
						"0.5": {
							"pre": [0.5, 1, 1],
							"post": [0.5, 1, 1],
							"lerp_mode": "catmullrom"
						},
						"0.625": {
							"post": [1, 1, 1],
							"lerp_mode": "catmullrom"
						},
						"1.0": [1, 1, 1]
					}
				},
				"right_spike4": {
					"scale": {
						"0.0": [1, 1, 1],
						"0.5": {
							"pre": [0.5, 1, 1],
							"post": [0.5, 1, 1],
							"lerp_mode": "catmullrom"
						},
						"0.625": {
							"post": [1, 1, 1],
							"lerp_mode": "catmullrom"
						},
						"1.0": [1, 1, 1]
					}
				},
				"right_spike2": {
					"scale": {
						"0.0": [1, 1, 1],
						"0.5": {
							"pre": [0.5, 1, 1],
							"post": [0.5, 1, 1],
							"lerp_mode": "catmullrom"
						},
						"0.625": {
							"post": [1, 1, 1],
							"lerp_mode": "catmullrom"
						},
						"1.0": [1, 1, 1]
					}
				},
				"left_spike3": {
					"scale": {
						"0.0": [1, 1, 1],
						"0.5": {
							"pre": [0.5, 1, 1],
							"post": [0.5, 1, 1],
							"lerp_mode": "catmullrom"
						},
						"0.625": {
							"post": [1, 1, 1],
							"lerp_mode": "catmullrom"
						},
						"1.0": [1, 1, 1]
					}
				},
				"right_spike3": {
					"scale": {
						"0.0": [1, 1, 1],
						"0.5": {
							"pre": [0.5, 1, 1],
							"post": [0.5, 1, 1],
							"lerp_mode": "catmullrom"
						},
						"0.625": {
							"post": [1, 1, 1],
							"lerp_mode": "catmullrom"
						},
						"1.0": [1, 1, 1]
					}
				},
				"right_eye": {
					"scale": {
						"0.0": {
							"post": [1, 1, 1],
							"lerp_mode": "catmullrom"
						},
						"0.25": {
							"post": [1, 1, 1],
							"lerp_mode": "catmullrom"
						},
						"0.5": {
							"post": [1, 0.5, 1],
							"lerp_mode": "catmullrom"
						},
						"0.6667": {
							"post": [1, 1, 1],
							"lerp_mode": "catmullrom"
						},
						"1.0": {
							"post": [1, 1, 1],
							"lerp_mode": "catmullrom"
						}
					}
				}
			}
		},
		"animation.cascoon.cry": {
			"loop": false,
			"animation_length": 1,
			"bones": {
				"left_eye": {
					"scale": {
						"0.0": {
							"post": [1, 1, 1],
							"lerp_mode": "catmullrom"
						},
						"0.25": {
							"post": [1, 1, 1],
							"lerp_mode": "catmullrom"
						},
						"0.5": {
							"post": [1, 0.5, 1],
							"lerp_mode": "catmullrom"
						},
						"0.6667": {
							"post": [1, 1, 1],
							"lerp_mode": "catmullrom"
						},
						"1.0": {
							"post": [1, 1, 1],
							"lerp_mode": "catmullrom"
						}
					}
				},
				"cascoon": {
					"rotation": {
						"0.0": [0, 0, 0],
						"0.5": {
							"pre": [12.5, 0, 0],
							"post": [12.5, 0, 0],
							"lerp_mode": "catmullrom"
						},
						"0.625": {
							"post": [-12.5, 0, 0],
							"lerp_mode": "catmullrom"
						},
						"1.0": [0, 0, 0]
					},
					"position": {
						"0.0": [0, 0, 0],
						"0.5": {
							"pre": [0, 1, 0],
							"post": [0, 1, 0],
							"lerp_mode": "catmullrom"
						},
						"0.625": {
							"post": [0, 5, 0],
							"lerp_mode": "catmullrom"
						},
						"1.0": [0, 0, 0]
					}
				},
				"left_spike1": {
					"scale": {
						"0.0": [1, 1, 1],
						"0.5": {
							"pre": [0.5, 1, 1],
							"post": [0.5, 1, 1],
							"lerp_mode": "catmullrom"
						},
						"0.625": {
							"post": [1, 1, 1],
							"lerp_mode": "catmullrom"
						},
						"1.0": [1, 1, 1]
					}
				},
				"center_spike1": {
					"scale": {
						"0.0": [1, 1, 1],
						"0.5": {
							"pre": [1, 1, 0.5],
							"post": [1, 1, 0.5],
							"lerp_mode": "catmullrom"
						},
						"0.625": {
							"post": [1, 1, 1],
							"lerp_mode": "catmullrom"
						},
						"1.0": [1, 1, 1]
					}
				},
				"center_spike2": {
					"rotation": {
						"0.0": [5, 0, 0],
						"1.0": [5, 0, 0]
					},
					"scale": {
						"0.0": [1, 1, 1],
						"0.5": {
							"pre": [1, 1, 0.5],
							"post": [1, 1, 0.5],
							"lerp_mode": "catmullrom"
						},
						"0.625": {
							"post": [1, 1, 1],
							"lerp_mode": "catmullrom"
						},
						"1.0": [1, 1, 1]
					}
				},
				"right_spike1": {
					"scale": {
						"0.0": [1, 1, 1],
						"0.5": {
							"pre": [0.5, 1, 1],
							"post": [0.5, 1, 1],
							"lerp_mode": "catmullrom"
						},
						"0.625": {
							"post": [1, 1, 1],
							"lerp_mode": "catmullrom"
						},
						"1.0": [1, 1, 1]
					}
				},
				"left_spike2": {
					"scale": {
						"0.0": [1, 1, 1],
						"0.5": {
							"pre": [0.5, 1, 1],
							"post": [0.5, 1, 1],
							"lerp_mode": "catmullrom"
						},
						"0.625": {
							"post": [1, 1, 1],
							"lerp_mode": "catmullrom"
						},
						"1.0": [1, 1, 1]
					}
				},
				"left_spike4": {
					"scale": {
						"0.0": [1, 1, 1],
						"0.5": {
							"pre": [0.5, 1, 1],
							"post": [0.5, 1, 1],
							"lerp_mode": "catmullrom"
						},
						"0.625": {
							"post": [1, 1, 1],
							"lerp_mode": "catmullrom"
						},
						"1.0": [1, 1, 1]
					}
				},
				"right_spike4": {
					"scale": {
						"0.0": [1, 1, 1],
						"0.5": {
							"pre": [0.5, 1, 1],
							"post": [0.5, 1, 1],
							"lerp_mode": "catmullrom"
						},
						"0.625": {
							"post": [1, 1, 1],
							"lerp_mode": "catmullrom"
						},
						"1.0": [1, 1, 1]
					}
				},
				"right_spike2": {
					"scale": {
						"0.0": [1, 1, 1],
						"0.5": {
							"pre": [0.5, 1, 1],
							"post": [0.5, 1, 1],
							"lerp_mode": "catmullrom"
						},
						"0.625": {
							"post": [1, 1, 1],
							"lerp_mode": "catmullrom"
						},
						"1.0": [1, 1, 1]
					}
				},
				"left_spike3": {
					"scale": {
						"0.0": [1, 1, 1],
						"0.5": {
							"pre": [0.5, 1, 1],
							"post": [0.5, 1, 1],
							"lerp_mode": "catmullrom"
						},
						"0.625": {
							"post": [1, 1, 1],
							"lerp_mode": "catmullrom"
						},
						"1.0": [1, 1, 1]
					}
				},
				"right_spike3": {
					"scale": {
						"0.0": [1, 1, 1],
						"0.5": {
							"pre": [0.5, 1, 1],
							"post": [0.5, 1, 1],
							"lerp_mode": "catmullrom"
						},
						"0.625": {
							"post": [1, 1, 1],
							"lerp_mode": "catmullrom"
						},
						"1.0": [1, 1, 1]
					}
				},
				"right_eye": {
					"scale": {
						"0.0": {
							"post": [1, 1, 1],
							"lerp_mode": "catmullrom"
						},
						"0.25": {
							"post": [1, 1, 1],
							"lerp_mode": "catmullrom"
						},
						"0.5": {
							"post": [1, 0.5, 1],
							"lerp_mode": "catmullrom"
						},
						"0.6667": {
							"post": [1, 1, 1],
							"lerp_mode": "catmullrom"
						},
						"1.0": {
							"post": [1, 1, 1],
							"lerp_mode": "catmullrom"
						}
					}
				}
			},
			"sound_effects": {
        		"0.1": {
          			"effect": "pokemon.cascoon.cry"
        		}
      		}
		}
	}
}