{
    "target": "cobblemon:floette",
    "implemented": true,
    "evolutions": [],
    "features": [
	    "mega_evolution"
    	],
    "forms": [
      {
        "name": "Mega",
        "pokedex": [
          "cobblemon.species.floette_eternalflower-mega.desc"
        ],
        "abilities": ["eternalrage","h:eternalrage"],
        "labels": [
          "mega"
        ],
        "aspects": [
          "mega"
        ],
        "battleOnly": true,
            "baseStats": {
                "hp": 74,
                "attack": 85,
                "defence": 87,
                "special_attack": 155,
                "special_defence": 148,
                "speed":102
            },
            "evYield": {
                "hp": 0,
                "attack": 0,
                "defence": 0,
                "special_attack": 2,
                "special_defence": 1,
                "speed": 0
            },
            "evolutions": [],
            "catchRate": 45,
            "eggCycles": 40,
            "baseFriendship": 35,
            "baseScale": 0.5
      }
    ]
  }