{
	"format_version": "1.12.0",
	"minecraft:geometry": [
		{
			"description": {
				"identifier": "geometry.xerneas",
				"texture_width": 128,
				"texture_height": 128,
				"visible_bounds_width": 7,
				"visible_bounds_height": 6.5,
				"visible_bounds_offset": [0, 2.75, 0]
			},
			"bones": [
				{
					"name": "xerneas",
					"pivot": [0, 0, 0]
				},
				{
					"name": "body",
					"parent": "xerneas",
					"pivot": [0, 28.25, 0]
				},
				{
					"name": "torso",
					"parent": "body",
					"pivot": [0, 30.25, 6.75]
				},
				{
					"name": "bone6",
					"parent": "torso",
					"pivot": [-1.5, 30, 6.5],
					"cubes": [
						{"origin": [-3, 27, -4], "size": [6, 7, 8], "uv": [38, 35]},
						{"origin": [-3.5, 26.5, 3], "size": [7, 8, 7], "uv": [48, 0]}
					]
				},
				{
					"name": "bone132",
					"parent": "bone6",
					"pivot": [-0.5, 34.5, 6.25],
					"rotation": [12.5, 0, 0],
					"cubes": [
						{"origin": [-0.5, 32.5, 6.25], "size": [1, 2, 6], "uv": [24, 56]}
					]
				},
				{
					"name": "bone133",
					"parent": "bone132",
					"pivot": [0, 34.5, 12.25],
					"rotation": [-32.5, 0, 0],
					"cubes": [
						{"origin": [0, 27.5, 10.25], "size": [0, 11, 24], "uv": [0, 0]}
					]
				},
				{
					"name": "bone5",
					"parent": "bone6",
					"pivot": [0, 27, -3],
					"cubes": [
						{"origin": [-4, 25.25, -14], "size": [8, 10, 11], "uv": [0, 35]}
					]
				},
				{
					"name": "bone135",
					"parent": "bone5",
					"pivot": [-2, 28.25, -10],
					"cubes": [
						{"origin": [-1.5, 33.25, -14.025], "size": [1, 1, 2], "inflate": 0.01, "uv": [120, 0]},
						{"origin": [0.5, 33.25, -14.025], "size": [1, 1, 2], "inflate": 0.01, "uv": [120, 0]}
					]
				},
				{
					"name": "bone122",
					"parent": "bone5",
					"pivot": [2.5, 30.25, -14],
					"rotation": [-0.07577, 29.94164, -2.75458],
					"cubes": [
						{"origin": [1.5, 28.25, -14], "size": [5, 4, 2], "uv": [94, 98]}
					]
				},
				{
					"name": "bone123",
					"parent": "bone122",
					"pivot": [6.5, 28.25, -13.5],
					"rotation": [0, 0, -47.5],
					"cubes": [
						{"origin": [6.5, 28.25, -13.5], "size": [4, 3, 1], "uv": [102, 74]}
					]
				},
				{
					"name": "bone124",
					"parent": "bone123",
					"pivot": [10.5, 28.25, -13],
					"cubes": [
						{"origin": [10.5, 28.25, -13], "size": [4, 2, 0], "uv": [100, 106]}
					]
				},
				{
					"name": "bone125",
					"parent": "bone124",
					"pivot": [10, 29.25, -13.025],
					"rotation": [0, 0, -7.5],
					"cubes": [
						{"origin": [10, 29.25, -13.025], "size": [4, 1, 0], "uv": [104, 36]}
					]
				},
				{
					"name": "bone126",
					"parent": "bone5",
					"pivot": [-2.5, 30.25, -14],
					"rotation": [-0.07577, -29.94164, 2.75458],
					"cubes": [
						{"origin": [-6.5, 28.25, -14], "size": [5, 4, 2], "uv": [100, 8]}
					]
				},
				{
					"name": "bone127",
					"parent": "bone126",
					"pivot": [-6.5, 28.25, -13.5],
					"rotation": [0, 0, 47.5],
					"cubes": [
						{"origin": [-10.5, 28.25, -13.5], "size": [4, 3, 1], "uv": [102, 74], "mirror": true}
					]
				},
				{
					"name": "bone128",
					"parent": "bone127",
					"pivot": [-10.5, 28.25, -13],
					"cubes": [
						{"origin": [-14.5, 28.25, -13], "size": [4, 2, 0], "uv": [14, 107]}
					]
				},
				{
					"name": "bone129",
					"parent": "bone128",
					"pivot": [-10, 29.25, -13.025],
					"rotation": [0, 0, 7.5],
					"cubes": [
						{"origin": [-14, 29.25, -13.025], "size": [4, 1, 0], "uv": [60, 107]}
					]
				},
				{
					"name": "bone",
					"parent": "bone5",
					"pivot": [0, 33.5, -11.25],
					"rotation": [26.75, 0, 0],
					"cubes": [
						{"origin": [-2.5, 33.56306, -13.65461], "size": [5, 5, 6], "uv": [24, 66]}
					]
				},
				{
					"name": "bone2",
					"parent": "bone",
					"pivot": [0, 38.56306, -12.75461],
					"cubes": [
						{"origin": [-2, 38.56306, -12.75461], "size": [4, 3, 4], "uv": [84, 49]}
					]
				},
				{
					"name": "bone3",
					"parent": "bone2",
					"pivot": [-0.25, 41.56306, -12.15461],
					"cubes": [
						{"origin": [-2, 46.31306, -12.75461], "size": [4, 3, 4], "uv": [50, 84]},
						{"origin": [-1.5, 41.56306, -12.25461], "size": [3, 9, 3], "uv": [46, 66]}
					]
				},
				{
					"name": "bone4",
					"parent": "bone3",
					"pivot": [-1.5, 49.56306, -10.40461]
				},
				{
					"name": "head",
					"parent": "bone4",
					"pivot": [0, 47.81306, -10.65461],
					"rotation": [2.5, 0, 0],
					"cubes": [
						{"origin": [-2.5, 47.91353, -15.42641], "size": [5, 5, 9], "uv": [48, 15]}
					]
				},
				{
					"name": "bone134",
					"parent": "head",
					"pivot": [-1.5, 49.93853, -12.42641],
					"cubes": [
						{"origin": [-1, 52.93853, -15.42641], "size": [2, 0, 2], "uv": [0, 0]},
						{"origin": [-1, 50.93853, -15.45141], "size": [2, 2, 0], "uv": [0, 7]}
					]
				},
				{
					"name": "bone104",
					"parent": "head",
					"pivot": [-0.75, 52.91353, -13.92641],
					"rotation": [27.5, 0, 0],
					"cubes": [
						{"origin": [-1.6, 50.91353, -14.92641], "size": [0, 4, 1], "uv": [58, 69]}
					]
				},
				{
					"name": "bone105",
					"parent": "head",
					"pivot": [1.35, 52.91353, -13.92641],
					"rotation": [27.5, 0, 0],
					"cubes": [
						{"origin": [1.6, 50.91353, -14.92641], "size": [0, 4, 1], "uv": [60, 69]}
					]
				},
				{
					"name": "bone102",
					"parent": "head",
					"pivot": [-1.525, 49.91353, -12.42641],
					"cubes": [
						{"origin": [2.5, 50.16353, -14.95141], "size": [0, 1, 2], "inflate": 0.01, "uv": [58, 66]},
						{"origin": [2.525, 50.73853, -15.42641], "size": [0, 1, 1], "inflate": 0.01, "uv": [18, 75]},
						{"origin": [2.5, 49.58853, -13.27641], "size": [0, 1, 1], "inflate": 0.02, "uv": [20, 75]}
					]
				},
				{
					"name": "bone137",
					"parent": "bone102",
					"pivot": [1.977, 50.66353, -14.25141]
				},
				{
					"name": "bone103",
					"parent": "bone137",
					"pivot": [1.977, 50.66353, -14.25141],
					"rotation": [45, 0, 0],
					"cubes": [
						{"origin": [1.977, 49.66353, -14.75141], "size": [0, 2, 1], "inflate": -0.55, "uv": [22, 72]}
					]
				},
				{
					"name": "bone117",
					"parent": "bone103",
					"pivot": [1.977, 50.66353, -14.25141],
					"rotation": [-87.5, 0, 0],
					"cubes": [
						{"origin": [1.977, 49.66353, -14.75141], "size": [0, 2, 1], "inflate": -0.55, "uv": [58, 74]}
					]
				},
				{
					"name": "bone113",
					"parent": "bone137",
					"pivot": [2.525, 50.66353, -14.25141],
					"cubes": [
						{"origin": [2.525, 50.16353, -14.75141], "size": [0, 1, 1], "uv": [22, 75]}
					]
				},
				{
					"name": "bone114",
					"parent": "head",
					"pivot": [1.525, 49.91353, -12.42641],
					"cubes": [
						{"origin": [-2.5, 50.16353, -14.95141], "size": [0, 1, 2], "inflate": 0.01, "uv": [18, 72]},
						{"origin": [-2.525, 50.73853, -15.42641], "size": [0, 1, 1], "inflate": 0.01, "uv": [18, 90]},
						{"origin": [-2.5, 49.58853, -13.27641], "size": [0, 1, 1], "inflate": 0.02, "uv": [20, 91]}
					]
				},
				{
					"name": "bone136",
					"parent": "bone114",
					"pivot": [-1.977, 50.66353, -14.25141]
				},
				{
					"name": "bone115",
					"parent": "bone136",
					"pivot": [-1.977, 50.66353, -14.25141],
					"rotation": [45, 0, 0],
					"cubes": [
						{"origin": [-1.977, 49.66353, -14.75141], "size": [0, 2, 1], "inflate": -0.55, "uv": [60, 74]}
					]
				},
				{
					"name": "bone116",
					"parent": "bone115",
					"pivot": [-1.977, 50.66353, -14.25141],
					"rotation": [-87.5, 0, 0],
					"cubes": [
						{"origin": [-1.977, 49.66353, -14.75141], "size": [0, 2, 1], "inflate": -0.55, "uv": [20, 88]}
					]
				},
				{
					"name": "bone121",
					"parent": "bone136",
					"pivot": [-2.525, 50.66353, -14.25141],
					"cubes": [
						{"origin": [-2.525, 50.16353, -14.75141], "size": [0, 1, 1], "uv": [18, 92]}
					]
				},
				{
					"name": "antlers_left",
					"parent": "head",
					"pivot": [2.5, 51.16353, -10.17641],
					"rotation": [0, 0, 7.5]
				},
				{
					"name": "antler",
					"parent": "antlers_left",
					"pivot": [3.25, 52.41353, -10.17641],
					"rotation": [7.09562, -15.46076, -58.14364],
					"cubes": [
						{"origin": [1.25, 52.41353, -11.17641], "size": [6, 2, 2], "uv": [80, 94]}
					]
				},
				{
					"name": "bone9",
					"parent": "antler",
					"pivot": [7.25, 54.41353, -10.17641],
					"rotation": [0, 0, 20],
					"cubes": [
						{"origin": [7.25, 52.41353, -11.17641], "size": [7, 2, 2], "inflate": -0.01, "uv": [48, 29]}
					]
				},
				{
					"name": "bone24",
					"parent": "bone9",
					"pivot": [7.25, 54.41353, -10.17641],
					"rotation": [0, 0, -12.5],
					"cubes": [
						{"origin": [7.25, 53.41353, -10.67641], "size": [3, 1, 1], "uv": [104, 34]}
					]
				},
				{
					"name": "bone8",
					"parent": "bone24",
					"pivot": [10.25, 54.41353, -10.17641],
					"rotation": [0, 0, 27.5],
					"cubes": [
						{"origin": [10.25, 53.41353, -10.67641], "size": [3, 1, 1], "uv": [104, 56]}
					]
				},
				{
					"name": "bone13",
					"parent": "bone8",
					"pivot": [13.25, 54.41353, -10.17641],
					"rotation": [0, 0, 22.5],
					"cubes": [
						{"origin": [13.25, 53.41353, -10.17641], "size": [6, 1, 0], "uv": [25, 65]}
					]
				},
				{
					"name": "bone14",
					"parent": "bone13",
					"pivot": [19.25, 53.41353, -10.17641],
					"rotation": [0, 0, -32.5],
					"cubes": [
						{"origin": [19.25, 53.41353, -10.17641], "size": [9, 1, 0], "uv": [43, 79]}
					]
				},
				{
					"name": "bone15",
					"parent": "bone14",
					"pivot": [28.25, 53.41353, -10.17641],
					"rotation": [0, 0, -17.5],
					"cubes": [
						{"origin": [28.25, 53.41353, -10.17641], "size": [6, 1, 0], "uv": [100, 28]}
					]
				},
				{
					"name": "bone16",
					"parent": "bone15",
					"pivot": [34.25, 54.41353, -9.67641],
					"rotation": [0, 0, 10],
					"cubes": [
						{"origin": [34.25, 53.41353, -10.17641], "size": [9, 1, 0], "uv": [48, 33]}
					]
				},
				{
					"name": "bone10",
					"parent": "bone9",
					"pivot": [14.25, 54.41353, -10.17641],
					"rotation": [0, 0, 24.75],
					"cubes": [
						{"origin": [14.25, 52.41353, -10.67641], "size": [8, 2, 1], "inflate": 0.01, "uv": [66, 88]}
					]
				},
				{
					"name": "bone11",
					"parent": "bone10",
					"pivot": [22.25, 52.41353, -10.17641],
					"rotation": [0, 0, -16],
					"cubes": [
						{"origin": [22.25, 52.41353, -10.67641], "size": [11, 2, 1], "inflate": 0.02, "uv": [76, 8]}
					]
				},
				{
					"name": "bone12",
					"parent": "bone11",
					"pivot": [33.25, 54.41353, -10.17641],
					"rotation": [0, 0, 10],
					"cubes": [
						{"origin": [33.25, 52.41353, -10.17641], "size": [13, 2, 0], "uv": [66, 41]}
					]
				},
				{
					"name": "antler2",
					"parent": "antlers_left",
					"pivot": [4, 53.91353, -7.87641],
					"rotation": [13.45563, -24.00939, -62.89783],
					"cubes": [
						{"origin": [-1, 53.91353, -8.87641], "size": [9, 2, 2], "uv": [18, 80]}
					]
				},
				{
					"name": "bone17",
					"parent": "antler2",
					"pivot": [8, 55.91353, -7.87641],
					"rotation": [0, 0, 20],
					"cubes": [
						{"origin": [8, 53.91353, -8.87641], "size": [7, 2, 2], "inflate": -0.01, "uv": [84, 37]}
					]
				},
				{
					"name": "bone18",
					"parent": "bone17",
					"pivot": [8, 55.91353, -7.87641],
					"rotation": [0, 0, -12.5],
					"cubes": [
						{"origin": [8, 54.91353, -8.37641], "size": [3, 1, 1], "uv": [104, 62]}
					]
				},
				{
					"name": "bone19",
					"parent": "bone18",
					"pivot": [11, 55.91353, -7.87641],
					"rotation": [0, 0, 27.5],
					"cubes": [
						{"origin": [11, 54.91353, -8.37641], "size": [3, 1, 1], "uv": [104, 72]}
					]
				},
				{
					"name": "bone20",
					"parent": "bone19",
					"pivot": [14, 55.91353, -7.87641],
					"rotation": [0, 0, 22.5],
					"cubes": [
						{"origin": [14, 54.91353, -7.87641], "size": [6, 1, 0], "uv": [101, 50]}
					]
				},
				{
					"name": "bone21",
					"parent": "bone20",
					"pivot": [20, 54.91353, -7.87641],
					"rotation": [0, 0, -32],
					"cubes": [
						{"origin": [20, 54.91353, -7.87641], "size": [9, 1, 0], "uv": [85, 57]}
					]
				},
				{
					"name": "bone22",
					"parent": "bone21",
					"pivot": [29, 54.91353, -7.87641],
					"rotation": [0, 0, -24],
					"cubes": [
						{"origin": [29, 54.91353, -7.87641], "size": [6, 1, 0], "uv": [100, 55]}
					]
				},
				{
					"name": "bone23",
					"parent": "bone22",
					"pivot": [35, 55.91353, -7.37641],
					"rotation": [0, 0, 10],
					"cubes": [
						{"origin": [35, 54.91353, -7.87641], "size": [9, 1, 0], "uv": [48, 34]}
					]
				},
				{
					"name": "bone25",
					"parent": "bone17",
					"pivot": [15, 55.91353, -7.87641],
					"rotation": [0, 0, 24],
					"cubes": [
						{"origin": [15, 53.91353, -8.37641], "size": [8, 2, 1], "inflate": 0.01, "uv": [84, 88]}
					]
				},
				{
					"name": "bone26",
					"parent": "bone25",
					"pivot": [23, 53.91353, -7.87641],
					"rotation": [0, 0, -16.5],
					"cubes": [
						{"origin": [23, 53.91353, -8.37641], "size": [11, 2, 1], "inflate": 0.02, "uv": [76, 11]}
					]
				},
				{
					"name": "bone27",
					"parent": "bone26",
					"pivot": [34, 55.91353, -7.87641],
					"rotation": [0, 0, 10],
					"cubes": [
						{"origin": [34, 53.91353, -7.87641], "size": [13, 2, 0], "uv": [66, 43]}
					]
				},
				{
					"name": "antler3",
					"parent": "antlers_left",
					"pivot": [3.175, 54.16353, -5.72641],
					"rotation": [29.75046, -29.36973, -71.21002],
					"cubes": [
						{"origin": [-1.825, 54.16353, -6.72641], "size": [9, 2, 2], "uv": [40, 80]}
					]
				},
				{
					"name": "bone28",
					"parent": "antler3",
					"pivot": [7.175, 56.16353, -5.72641],
					"rotation": [0, 0, 20],
					"cubes": [
						{"origin": [7.175, 54.16353, -6.72641], "size": [7, 2, 2], "inflate": -0.01, "uv": [84, 58]}
					]
				},
				{
					"name": "bone29",
					"parent": "bone28",
					"pivot": [7.175, 56.16353, -5.72641],
					"rotation": [0, 0, -12.5],
					"cubes": [
						{"origin": [7.175, 55.16353, -6.22641], "size": [3, 1, 1], "uv": [76, 104]}
					]
				},
				{
					"name": "bone30",
					"parent": "bone29",
					"pivot": [10.175, 56.16353, -5.72641],
					"rotation": [0, 0, 27.5],
					"cubes": [
						{"origin": [10.175, 55.16353, -6.22641], "size": [3, 1, 1], "uv": [104, 78]}
					]
				},
				{
					"name": "bone31",
					"parent": "bone30",
					"pivot": [13.175, 56.16353, -5.72641],
					"rotation": [0, 0, 24.5],
					"cubes": [
						{"origin": [13.175, 55.16353, -5.72641], "size": [6, 1, 0], "uv": [101, 52]}
					]
				},
				{
					"name": "bone32",
					"parent": "bone31",
					"pivot": [19.175, 55.16353, -5.72641],
					"rotation": [0, 0, -36.5],
					"cubes": [
						{"origin": [19.175, 55.16353, -5.72641], "size": [9, 1, 0], "uv": [85, 63]}
					]
				},
				{
					"name": "bone33",
					"parent": "bone32",
					"pivot": [28.175, 55.16353, -5.72641],
					"rotation": [0, 0, -27.75],
					"cubes": [
						{"origin": [28.175, 55.16353, -5.72641], "size": [6, 1, 0], "uv": [102, 60]}
					]
				},
				{
					"name": "bone34",
					"parent": "bone33",
					"pivot": [34.175, 56.16353, -5.22641],
					"rotation": [0, 0, 13.25],
					"cubes": [
						{"origin": [34.175, 55.16353, -5.72641], "size": [9, 1, 0], "uv": [66, 49]}
					]
				},
				{
					"name": "bone35",
					"parent": "bone28",
					"pivot": [14.175, 56.16353, -5.72641],
					"rotation": [0, 0, 26],
					"cubes": [
						{"origin": [14.175, 54.16353, -6.22641], "size": [8, 2, 1], "inflate": 0.01, "uv": [0, 90]}
					]
				},
				{
					"name": "bone36",
					"parent": "bone35",
					"pivot": [22.175, 54.16353, -5.72641],
					"rotation": [0, 0, -18],
					"cubes": [
						{"origin": [22.175, 54.16353, -6.22641], "size": [11, 2, 1], "inflate": 0.02, "uv": [76, 14]}
					]
				},
				{
					"name": "bone37",
					"parent": "bone36",
					"pivot": [33.175, 56.16353, -5.72641],
					"rotation": [0, 0, 20],
					"cubes": [
						{"origin": [33.175, 54.16353, -5.72641], "size": [13, 2, 0], "pivot": [33.175, 54.16353, -4.72641], "rotation": [0, 0, -12.25], "uv": [66, 45]}
					]
				},
				{
					"name": "antler4",
					"parent": "antlers_left",
					"pivot": [2.225, 53.81353, -4.25141],
					"rotation": [28.77531, -49.64291, -82.97931],
					"cubes": [
						{"origin": [-1.775, 53.81353, -5.25141], "size": [8, 2, 2], "uv": [84, 29]}
					]
				},
				{
					"name": "bone38",
					"parent": "antler4",
					"pivot": [6.225, 55.81353, -4.25141],
					"rotation": [0, 0, 16],
					"cubes": [
						{"origin": [6.225, 53.81353, -5.25141], "size": [7, 2, 2], "inflate": -0.01, "uv": [84, 64]}
					]
				},
				{
					"name": "bone39",
					"parent": "bone38",
					"pivot": [6.225, 55.81353, -4.25141],
					"rotation": [0, 0, -12.5],
					"cubes": [
						{"origin": [6.225, 54.81353, -4.75141], "size": [3, 1, 1], "uv": [84, 104]}
					]
				},
				{
					"name": "bone40",
					"parent": "bone39",
					"pivot": [9.225, 55.81353, -4.25141],
					"rotation": [0, 0, 27.5],
					"cubes": [
						{"origin": [9.225, 54.81353, -4.75141], "size": [3, 1, 1], "uv": [104, 84]}
					]
				},
				{
					"name": "bone41",
					"parent": "bone40",
					"pivot": [12.225, 55.81353, -4.25141],
					"rotation": [0, 0, 16.5],
					"cubes": [
						{"origin": [12.225, 54.81353, -4.25141], "size": [6, 1, 0], "uv": [101, 54]}
					]
				},
				{
					"name": "bone42",
					"parent": "bone41",
					"pivot": [18.225, 54.81353, -4.25141],
					"rotation": [0, 0, -31.25],
					"cubes": [
						{"origin": [18.225, 54.81353, -4.25141], "size": [9, 1, 0], "uv": [67, 85]}
					]
				},
				{
					"name": "bone43",
					"parent": "bone42",
					"pivot": [27.225, 54.81353, -4.25141],
					"rotation": [0, 0, -17.5],
					"cubes": [
						{"origin": [27.225, 54.81353, -4.25141], "size": [6, 1, 0], "uv": [102, 61]}
					]
				},
				{
					"name": "bone44",
					"parent": "bone43",
					"pivot": [33.225, 55.81353, -3.75141],
					"rotation": [0, 0, 7.25],
					"cubes": [
						{"origin": [33.225, 54.81353, -4.25141], "size": [9, 1, 0], "uv": [92, 47]}
					]
				},
				{
					"name": "bone45",
					"parent": "bone38",
					"pivot": [13.225, 55.81353, -4.25141],
					"rotation": [0, 0, 17.25],
					"cubes": [
						{"origin": [13.225, 53.81353, -4.75141], "size": [8, 2, 1], "inflate": 0.01, "uv": [50, 91]}
					]
				},
				{
					"name": "bone46",
					"parent": "bone45",
					"pivot": [21.225, 53.81353, -4.25141],
					"rotation": [0, 0, -15.25],
					"cubes": [
						{"origin": [21.225, 53.81353, -4.75141], "size": [11, 2, 1], "inflate": 0.02, "uv": [76, 17]}
					]
				},
				{
					"name": "bone47",
					"parent": "bone46",
					"pivot": [32.225, 55.81353, -4.25141],
					"rotation": [0, 0, 23.5],
					"cubes": [
						{"origin": [32.225, 53.81353, -4.25141], "size": [13, 2, 0], "pivot": [32.225, 53.81353, -3.25141], "rotation": [0, 0, -12.25], "uv": [66, 47]}
					]
				},
				{
					"name": "antlers_right",
					"parent": "head",
					"pivot": [-2.5, 51.16353, -10.17641],
					"rotation": [0, 0, -7.5]
				},
				{
					"name": "antler5",
					"parent": "antlers_right",
					"pivot": [-3.25, 52.41353, -10.17641],
					"rotation": [7.09562, 15.46076, 58.14364],
					"cubes": [
						{"origin": [-7.25, 52.41353, -11.17641], "size": [6, 2, 2], "uv": [80, 94], "mirror": true}
					]
				},
				{
					"name": "bone48",
					"parent": "antler5",
					"pivot": [-7.25, 54.41353, -10.17641],
					"rotation": [0, 0, -20],
					"cubes": [
						{"origin": [-14.25, 52.41353, -11.17641], "size": [7, 2, 2], "inflate": -0.01, "uv": [48, 29], "mirror": true}
					]
				},
				{
					"name": "bone49",
					"parent": "bone48",
					"pivot": [-7.25, 54.41353, -10.17641],
					"rotation": [0, 0, 12.5],
					"cubes": [
						{"origin": [-10.25, 53.41353, -10.67641], "size": [3, 1, 1], "uv": [104, 34], "mirror": true}
					]
				},
				{
					"name": "bone50",
					"parent": "bone49",
					"pivot": [-10.25, 54.41353, -10.17641],
					"rotation": [0, 0, -27.5],
					"cubes": [
						{"origin": [-13.25, 53.41353, -10.67641], "size": [3, 1, 1], "uv": [104, 56], "mirror": true}
					]
				},
				{
					"name": "bone51",
					"parent": "bone50",
					"pivot": [-13.25, 54.41353, -10.17641],
					"rotation": [0, 0, -22.5],
					"cubes": [
						{"origin": [-19.25, 53.41353, -10.17641], "size": [6, 1, 0], "uv": [25, 65], "mirror": true}
					]
				},
				{
					"name": "bone52",
					"parent": "bone51",
					"pivot": [-19.25, 53.41353, -10.17641],
					"rotation": [0, 0, 32.5],
					"cubes": [
						{"origin": [-28.25, 53.41353, -10.17641], "size": [9, 1, 0], "uv": [43, 79], "mirror": true}
					]
				},
				{
					"name": "bone53",
					"parent": "bone52",
					"pivot": [-28.25, 53.41353, -10.17641],
					"rotation": [0, 0, 17.5],
					"cubes": [
						{"origin": [-34.25, 53.41353, -10.17641], "size": [6, 1, 0], "uv": [100, 28], "mirror": true}
					]
				},
				{
					"name": "bone54",
					"parent": "bone53",
					"pivot": [-34.25, 54.41353, -9.67641],
					"rotation": [0, 0, -10],
					"cubes": [
						{"origin": [-43.25, 53.41353, -10.17641], "size": [9, 1, 0], "uv": [48, 33], "mirror": true}
					]
				},
				{
					"name": "bone55",
					"parent": "bone48",
					"pivot": [-14.25, 54.41353, -10.17641],
					"rotation": [0, 0, -24.75],
					"cubes": [
						{"origin": [-22.25, 52.41353, -10.67641], "size": [8, 2, 1], "inflate": 0.01, "uv": [66, 88], "mirror": true}
					]
				},
				{
					"name": "bone56",
					"parent": "bone55",
					"pivot": [-22.25, 52.41353, -10.17641],
					"rotation": [0, 0, 16],
					"cubes": [
						{"origin": [-33.25, 52.41353, -10.67641], "size": [11, 2, 1], "inflate": 0.02, "uv": [76, 8], "mirror": true}
					]
				},
				{
					"name": "bone57",
					"parent": "bone56",
					"pivot": [-33.25, 54.41353, -10.17641],
					"rotation": [0, 0, -10],
					"cubes": [
						{"origin": [-46.25, 52.41353, -10.17641], "size": [13, 2, 0], "uv": [66, 41], "mirror": true}
					]
				},
				{
					"name": "antler6",
					"parent": "antlers_right",
					"pivot": [-4, 53.91353, -7.87641],
					"rotation": [13.45563, 24.00939, 62.89783],
					"cubes": [
						{"origin": [-8, 53.91353, -8.87641], "size": [9, 2, 2], "uv": [18, 80], "mirror": true}
					]
				},
				{
					"name": "bone58",
					"parent": "antler6",
					"pivot": [-8, 55.91353, -7.87641],
					"rotation": [0, 0, -20],
					"cubes": [
						{"origin": [-15, 53.91353, -8.87641], "size": [7, 2, 2], "inflate": -0.01, "uv": [84, 37], "mirror": true}
					]
				},
				{
					"name": "bone59",
					"parent": "bone58",
					"pivot": [-8, 55.91353, -7.87641],
					"rotation": [0, 0, 12.5],
					"cubes": [
						{"origin": [-11, 54.91353, -8.37641], "size": [3, 1, 1], "uv": [104, 62], "mirror": true}
					]
				},
				{
					"name": "bone60",
					"parent": "bone59",
					"pivot": [-11, 55.91353, -7.87641],
					"rotation": [0, 0, -27.5],
					"cubes": [
						{"origin": [-14, 54.91353, -8.37641], "size": [3, 1, 1], "uv": [104, 72], "mirror": true}
					]
				},
				{
					"name": "bone61",
					"parent": "bone60",
					"pivot": [-14, 55.91353, -7.87641],
					"rotation": [0, 0, -22.5],
					"cubes": [
						{"origin": [-20, 54.91353, -7.87641], "size": [6, 1, 0], "uv": [101, 50], "mirror": true}
					]
				},
				{
					"name": "bone62",
					"parent": "bone61",
					"pivot": [-20, 54.91353, -7.87641],
					"rotation": [0, 0, 32],
					"cubes": [
						{"origin": [-29, 54.91353, -7.87641], "size": [9, 1, 0], "uv": [85, 57], "mirror": true}
					]
				},
				{
					"name": "bone63",
					"parent": "bone62",
					"pivot": [-29, 54.91353, -7.87641],
					"rotation": [0, 0, 24],
					"cubes": [
						{"origin": [-35, 54.91353, -7.87641], "size": [6, 1, 0], "uv": [100, 55], "mirror": true}
					]
				},
				{
					"name": "bone64",
					"parent": "bone63",
					"pivot": [-35, 55.91353, -7.37641],
					"rotation": [0, 0, -10],
					"cubes": [
						{"origin": [-44, 54.91353, -7.87641], "size": [9, 1, 0], "uv": [48, 34], "mirror": true}
					]
				},
				{
					"name": "bone65",
					"parent": "bone58",
					"pivot": [-15, 55.91353, -7.87641],
					"rotation": [0, 0, -24],
					"cubes": [
						{"origin": [-23, 53.91353, -8.37641], "size": [8, 2, 1], "inflate": 0.01, "uv": [84, 88], "mirror": true}
					]
				},
				{
					"name": "bone66",
					"parent": "bone65",
					"pivot": [-23, 53.91353, -7.87641],
					"rotation": [0, 0, 16.5],
					"cubes": [
						{"origin": [-34, 53.91353, -8.37641], "size": [11, 2, 1], "inflate": 0.02, "uv": [76, 11], "mirror": true}
					]
				},
				{
					"name": "bone67",
					"parent": "bone66",
					"pivot": [-34, 55.91353, -7.87641],
					"rotation": [0, 0, -10],
					"cubes": [
						{"origin": [-47, 53.91353, -7.87641], "size": [13, 2, 0], "uv": [66, 43], "mirror": true}
					]
				},
				{
					"name": "antler7",
					"parent": "antlers_right",
					"pivot": [-3.175, 54.16353, -5.72641],
					"rotation": [29.75046, 29.36973, 71.21002],
					"cubes": [
						{"origin": [-7.175, 54.16353, -6.72641], "size": [9, 2, 2], "uv": [40, 80], "mirror": true}
					]
				},
				{
					"name": "bone68",
					"parent": "antler7",
					"pivot": [-7.175, 56.16353, -5.72641],
					"rotation": [0, 0, -20],
					"cubes": [
						{"origin": [-14.175, 54.16353, -6.72641], "size": [7, 2, 2], "inflate": -0.01, "uv": [84, 58], "mirror": true}
					]
				},
				{
					"name": "bone69",
					"parent": "bone68",
					"pivot": [-7.175, 56.16353, -5.72641],
					"rotation": [0, 0, 12.5],
					"cubes": [
						{"origin": [-10.175, 55.16353, -6.22641], "size": [3, 1, 1], "uv": [76, 104], "mirror": true}
					]
				},
				{
					"name": "bone70",
					"parent": "bone69",
					"pivot": [-10.175, 56.16353, -5.72641],
					"rotation": [0, 0, -27.5],
					"cubes": [
						{"origin": [-13.175, 55.16353, -6.22641], "size": [3, 1, 1], "uv": [104, 78], "mirror": true}
					]
				},
				{
					"name": "bone71",
					"parent": "bone70",
					"pivot": [-13.175, 56.16353, -5.72641],
					"rotation": [0, 0, -24.5],
					"cubes": [
						{"origin": [-19.175, 55.16353, -5.72641], "size": [6, 1, 0], "uv": [101, 52], "mirror": true}
					]
				},
				{
					"name": "bone72",
					"parent": "bone71",
					"pivot": [-19.175, 55.16353, -5.72641],
					"rotation": [0, 0, 36.5],
					"cubes": [
						{"origin": [-28.175, 55.16353, -5.72641], "size": [9, 1, 0], "uv": [85, 63], "mirror": true}
					]
				},
				{
					"name": "bone73",
					"parent": "bone72",
					"pivot": [-28.175, 55.16353, -5.72641],
					"rotation": [0, 0, 27.75],
					"cubes": [
						{"origin": [-34.175, 55.16353, -5.72641], "size": [6, 1, 0], "uv": [102, 60], "mirror": true}
					]
				},
				{
					"name": "bone74",
					"parent": "bone73",
					"pivot": [-34.175, 56.16353, -5.22641],
					"rotation": [0, 0, -13.25],
					"cubes": [
						{"origin": [-43.175, 55.16353, -5.72641], "size": [9, 1, 0], "uv": [66, 49], "mirror": true}
					]
				},
				{
					"name": "bone75",
					"parent": "bone68",
					"pivot": [-14.175, 56.16353, -5.72641],
					"rotation": [0, 0, -26],
					"cubes": [
						{"origin": [-22.175, 54.16353, -6.22641], "size": [8, 2, 1], "inflate": 0.01, "uv": [0, 90], "mirror": true}
					]
				},
				{
					"name": "bone76",
					"parent": "bone75",
					"pivot": [-22.175, 54.16353, -5.72641],
					"rotation": [0, 0, 18],
					"cubes": [
						{"origin": [-33.175, 54.16353, -6.22641], "size": [11, 2, 1], "inflate": 0.02, "uv": [76, 14], "mirror": true}
					]
				},
				{
					"name": "bone77",
					"parent": "bone76",
					"pivot": [-33.175, 56.16353, -5.72641],
					"rotation": [0, 0, -17.5],
					"cubes": [
						{"origin": [-46.175, 54.16353, -5.72641], "size": [13, 2, 0], "pivot": [-33.175, 54.16353, -4.72641], "rotation": [0, 0, 12.25], "uv": [66, 45], "mirror": true}
					]
				},
				{
					"name": "antler8",
					"parent": "antlers_right",
					"pivot": [-2.225, 53.81353, -4.25141],
					"rotation": [28.77531, 49.64291, 82.97931],
					"cubes": [
						{"origin": [-6.225, 53.81353, -5.25141], "size": [8, 2, 2], "uv": [84, 29], "mirror": true}
					]
				},
				{
					"name": "bone78",
					"parent": "antler8",
					"pivot": [-6.225, 55.81353, -4.25141],
					"rotation": [0, 0, -16],
					"cubes": [
						{"origin": [-13.225, 53.81353, -5.25141], "size": [7, 2, 2], "inflate": -0.01, "uv": [84, 64], "mirror": true}
					]
				},
				{
					"name": "bone79",
					"parent": "bone78",
					"pivot": [-6.225, 55.81353, -4.25141],
					"rotation": [0, 0, 12.5],
					"cubes": [
						{"origin": [-9.225, 54.81353, -4.75141], "size": [3, 1, 1], "uv": [84, 104], "mirror": true}
					]
				},
				{
					"name": "bone80",
					"parent": "bone79",
					"pivot": [-9.225, 55.81353, -4.25141],
					"rotation": [0, 0, -27.5],
					"cubes": [
						{"origin": [-12.225, 54.81353, -4.75141], "size": [3, 1, 1], "uv": [104, 84], "mirror": true}
					]
				},
				{
					"name": "bone81",
					"parent": "bone80",
					"pivot": [-12.225, 55.81353, -4.25141],
					"rotation": [0, 0, -18],
					"cubes": [
						{"origin": [-18.225, 54.81353, -4.25141], "size": [6, 1, 0], "uv": [101, 54], "mirror": true}
					]
				},
				{
					"name": "bone82",
					"parent": "bone81",
					"pivot": [-18.225, 54.81353, -4.25141],
					"rotation": [0, 0, 33.75],
					"cubes": [
						{"origin": [-27.225, 54.81353, -4.25141], "size": [9, 1, 0], "uv": [67, 85], "mirror": true}
					]
				},
				{
					"name": "bone83",
					"parent": "bone82",
					"pivot": [-27.225, 54.81353, -4.25141],
					"rotation": [0, 0, 17.5],
					"cubes": [
						{"origin": [-33.225, 54.81353, -4.25141], "size": [6, 1, 0], "uv": [102, 61], "mirror": true}
					]
				},
				{
					"name": "bone84",
					"parent": "bone83",
					"pivot": [-33.225, 55.81353, -3.75141],
					"rotation": [0, 0, -7.25],
					"cubes": [
						{"origin": [-42.225, 54.81353, -4.25141], "size": [9, 1, 0], "uv": [92, 47], "mirror": true}
					]
				},
				{
					"name": "bone85",
					"parent": "bone78",
					"pivot": [-13.225, 55.81353, -4.25141],
					"rotation": [0, 0, -17.25],
					"cubes": [
						{"origin": [-21.225, 53.81353, -4.75141], "size": [8, 2, 1], "inflate": 0.01, "uv": [50, 91], "mirror": true}
					]
				},
				{
					"name": "bone86",
					"parent": "bone85",
					"pivot": [-21.225, 53.81353, -4.25141],
					"rotation": [0, 0, 15.25],
					"cubes": [
						{"origin": [-32.225, 53.81353, -4.75141], "size": [11, 2, 1], "inflate": 0.02, "uv": [76, 17], "mirror": true}
					]
				},
				{
					"name": "bone87",
					"parent": "bone86",
					"pivot": [-32.225, 55.81353, -4.25141],
					"rotation": [0, 0, -23.5],
					"cubes": [
						{"origin": [-45.225, 53.81353, -4.25141], "size": [13, 2, 0], "pivot": [-32.225, 53.81353, -3.25141], "rotation": [0, 0, 12.25], "uv": [66, 47], "mirror": true}
					]
				},
				{
					"name": "bone92",
					"parent": "head",
					"pivot": [-1.975, 49.61353, -17.67641]
				},
				{
					"name": "bone93",
					"parent": "bone92",
					"pivot": [3, 49.16353, -14.45141]
				},
				{
					"name": "bone118",
					"parent": "head",
					"pivot": [0, 49.43853, -16.57641],
					"rotation": [2.5, 0, 0],
					"cubes": [
						{"origin": [-1.5, 48.26353, -18.12641], "size": [3, 2, 3], "uv": [100, 23]}
					]
				},
				{
					"name": "bone7",
					"parent": "head",
					"pivot": [2, 50.06353, -12.42641],
					"rotation": [-16.73582, -17.11613, -2.80707],
					"cubes": [
						{"origin": [1.94889, 48.71168, -12.76234], "size": [4, 2, 1], "uv": [102, 88]}
					]
				},
				{
					"name": "iit",
					"parent": "bone7",
					"pivot": [5.87389, 50.08668, -12.26234],
					"rotation": [0, 0, -47.5],
					"cubes": [
						{"origin": [4.87389, 49.08668, -12.26234], "size": [6, 2, 0], "uv": [102, 39]}
					]
				},
				{
					"name": "bone88",
					"parent": "head",
					"pivot": [-2, 50.06353, -12.42641],
					"rotation": [-16.73582, 17.11613, 2.80707],
					"cubes": [
						{"origin": [-5.94889, 48.71168, -12.76234], "size": [4, 2, 1], "uv": [104, 31]}
					]
				},
				{
					"name": "iit2",
					"parent": "bone88",
					"pivot": [-5.87389, 50.08668, -12.26234],
					"rotation": [0, 0, 47.5],
					"cubes": [
						{"origin": [-10.87389, 49.08668, -12.26234], "size": [6, 2, 0], "uv": [102, 58]}
					]
				},
				{
					"name": "bone89",
					"parent": "body",
					"pivot": [2.6, 28.5, -9],
					"cubes": [
						{"origin": [1.35, 25, -12], "size": [5, 9, 6], "uv": [62, 50]}
					]
				},
				{
					"name": "bone130",
					"parent": "bone89",
					"pivot": [3.85, 25, -8],
					"cubes": [
						{"origin": [2.35, 19, -11], "size": [3, 6, 3], "uv": [68, 91]}
					]
				},
				{
					"name": "bone90",
					"parent": "bone130",
					"pivot": [3.85, 19.03333, -10.99167]
				},
				{
					"name": "bone107",
					"parent": "bone90",
					"pivot": [3.85, 18.65, -9.25],
					"rotation": [-45, 0, 0],
					"cubes": [
						{"origin": [1.85, 17.15, -10.75], "size": [4, 3, 3], "inflate": 0.02, "uv": [0, 96]}
					]
				},
				{
					"name": "bone94",
					"parent": "bone90",
					"pivot": [3.85, 18, -10.75],
					"cubes": [
						{"origin": [2.85, 11, -10.75], "size": [2, 7, 2], "uv": [14, 96]},
						{"origin": [2.35, 11, -9.75], "size": [3, 6, 0], "uv": [32, 104]}
					]
				},
				{
					"name": "bone91",
					"parent": "bone94",
					"pivot": [3.85, 11, -10.75],
					"cubes": [
						{"origin": [2.85, 4, -10.75], "size": [2, 7, 2], "uv": [100, 14]},
						{"origin": [2.35, 0, -9.75], "size": [3, 11, 0], "uv": [62, 94]}
					]
				},
				{
					"name": "bone100",
					"parent": "bone91",
					"pivot": [3.85, 3.5, -9.75],
					"rotation": [45, 0, 0],
					"cubes": [
						{"origin": [2.85, 2, -11.25], "size": [2, 3, 3], "inflate": 0.01, "uv": [102, 0]}
					]
				},
				{
					"name": "bone95",
					"parent": "body",
					"pivot": [-2.6, 28.5, -9],
					"cubes": [
						{"origin": [-6.35, 25, -12], "size": [5, 9, 6], "uv": [62, 50], "mirror": true}
					]
				},
				{
					"name": "bone96",
					"parent": "bone95",
					"pivot": [-3.85, 25, -8],
					"cubes": [
						{"origin": [-5.35, 19, -11], "size": [3, 6, 3], "uv": [68, 91], "mirror": true}
					]
				},
				{
					"name": "bone101",
					"parent": "bone96",
					"pivot": [-3.85, 19.03333, -10.99167]
				},
				{
					"name": "bone108",
					"parent": "bone101",
					"pivot": [-3.85, 18.65, -9.25],
					"rotation": [-45, 0, 0],
					"cubes": [
						{"origin": [-5.85, 17.15, -10.75], "size": [4, 3, 3], "inflate": 0.02, "uv": [0, 96], "mirror": true}
					]
				},
				{
					"name": "bone119",
					"parent": "bone101",
					"pivot": [-3.85, 18, -10.75],
					"cubes": [
						{"origin": [-4.85, 11, -10.75], "size": [2, 7, 2], "uv": [14, 96], "mirror": true},
						{"origin": [-5.35, 11, -9.75], "size": [3, 6, 0], "uv": [32, 104], "mirror": true}
					]
				},
				{
					"name": "bone120",
					"parent": "bone119",
					"pivot": [-3.85, 11, -10.75],
					"cubes": [
						{"origin": [-4.85, 4, -10.75], "size": [2, 7, 2], "uv": [100, 14], "mirror": true},
						{"origin": [-5.35, 0, -9.75], "size": [3, 11, 0], "uv": [62, 94], "mirror": true}
					]
				},
				{
					"name": "bone131",
					"parent": "bone120",
					"pivot": [-3.85, 3.5, -9.75],
					"rotation": [45, 0, 0],
					"cubes": [
						{"origin": [-4.85, 2, -11.25], "size": [2, 3, 3], "inflate": 0.01, "uv": [102, 0], "mirror": true}
					]
				},
				{
					"name": "bone97",
					"parent": "body",
					"pivot": [2.1, 29.75, 6.75],
					"rotation": [22.5, 0, 0],
					"cubes": [
						{"origin": [1.1, 23.2109, 2.94657], "size": [5, 9, 7], "uv": [38, 50]}
					]
				},
				{
					"name": "bone98",
					"parent": "bone97",
					"pivot": [3.1, 23.2109, 3.44657],
					"rotation": [22.5, 0, 0],
					"cubes": [
						{"origin": [1.6, 16.2109, 3.44657], "size": [4, 7, 5], "uv": [66, 29]}
					]
				},
				{
					"name": "bone99",
					"parent": "bone98",
					"pivot": [3.6, 16.2109, 6.94657],
					"rotation": [-45, 0, 0],
					"cubes": [
						{"origin": [2.6, 0.2109, 4.94657], "size": [2, 16, 2], "uv": [22, 84]},
						{"origin": [2.1, -3.92388, 5.94232], "size": [3, 18, 0], "uv": [38, 84]}
					]
				},
				{
					"name": "bone106",
					"parent": "bone99",
					"pivot": [3.6, -0.2891, 5.94657],
					"rotation": [-45, 0, 0],
					"cubes": [
						{"origin": [2.6, -1.7891, 4.44657], "size": [2, 3, 3], "inflate": 0.01, "uv": [102, 64]}
					]
				},
				{
					"name": "bone109",
					"parent": "body",
					"pivot": [-2.1, 29.75, 6.75],
					"rotation": [22.5, 0, 0],
					"cubes": [
						{"origin": [-6.1, 23.2109, 2.94657], "size": [5, 9, 7], "uv": [38, 50], "mirror": true}
					]
				},
				{
					"name": "bone110",
					"parent": "bone109",
					"pivot": [-3.1, 23.2109, 3.44657],
					"rotation": [22.5, 0, 0],
					"cubes": [
						{"origin": [-5.6, 16.2109, 3.44657], "size": [4, 7, 5], "uv": [66, 29], "mirror": true}
					]
				},
				{
					"name": "bone111",
					"parent": "bone110",
					"pivot": [-3.6, 16.2109, 6.94657],
					"rotation": [-45, 0, 0],
					"cubes": [
						{"origin": [-4.6, 0.2109, 4.94657], "size": [2, 16, 2], "uv": [22, 84], "mirror": true},
						{"origin": [-5.1, -3.92388, 5.94232], "size": [3, 18, 0], "uv": [38, 84], "mirror": true}
					]
				},
				{
					"name": "bone112",
					"parent": "bone111",
					"pivot": [-3.6, -0.2891, 5.94657],
					"rotation": [-45, 0, 0],
					"cubes": [
						{"origin": [-4.6, -1.7891, 4.44657], "size": [2, 3, 3], "inflate": 0.01, "uv": [102, 64], "mirror": true}
					]
				}
			]
		}
	]
}