{
  "species": "cobblemon:xerneas",
  "order": 2,
  "variations": [
    {
      "aspects": [],
      "poser": "cobblemon:xerneas",
      "model": "cobblemon:xerneas.geo",
      "texture": "cobblemon:textures/pokemon/xerneas/xerneas.png",
      "layers": []
    },
    {
      "aspects": [ "shiny" ],
      "texture": "cobblemon:textures/pokemon/xerneas/xerneas_shiny.png"
    },
    {
      "aspects": [ "active-mode" ],
      "texture": "cobblemon:textures/pokemon/xerneas/xerneas_active.png",
      "layers": [
        {
          "name": "emissive",
          "emissive": true,
          "texture": "cobblemon:textures/pokemon/xerneas/xerneas_active_emissive.png",
          "translucent": false
        }
      ]
    },
    {
      "aspects": [ "shiny" , "active-mode" ],
      "texture": "cobblemon:textures/pokemon/xerneas/xerneas_active_shiny.png",
      "layers": [
        {
          "name": "emissive",
          "emissive": true,
          "texture": "cobblemon:textures/pokemon/xerneas/xerneas_active_emissive.png",
          "translucent": false
        }
      ]
    }
  ]
}