{
  "species": "cobblemon:dewpider",
  "order": 1,
  "variations": [
    {
      "aspects": [],
      "poser": "cobblemon:dewpider",
      "model": "cobblemon:dewpider.geo",
      "texture": "cobblemon:textures/pokemon/dewpider/dewpider.png",
      "layers": [
        {
          "name": "glow",
          "texture": "cobblemon:textures/pokemon/dewpider/dewpider_emissive.png",
          "emissive": true
        },
        {
          "name": "translucent",
          "texture": "cobblemon:textures/pokemon/dewpider/dewpider_translucent.png",
          "translucent": true
        }
      ] 
    },
    {
      "aspects": [ "shiny" ],
      "texture": "cobblemon:textures/pokemon/dewpider/dewpider_shiny.png",
      "layers": []
    }
  ]
}