{
  "type": "minecraft:crafting_shaped",
  "pattern": [
    "ddd",
    "acb",
    "www"
  ],
  "key": {
    "d": {
      "item": "minecraft:blue_dye"
    },
    "a": {
      "item": "cobblemon:fighting_gem"
    },
    "c": {
      "tag": "cobblemon:gilded_chests"
    },
    "b": {
      "item": "cobblemon:steel_gem"
    },
    "w": {
      "tag": "minecraft:planks"
    }
  },
  "result": {
    "id": "minecraft:trial_key",
    "count": 1,
    "components": {
      "mega_showdown:registry_type_component": "form_change_toggle_interact",
      "mega_showdown:registry_location_component": "atmxmsd:costume_box_lucario",
      "minecraft:custom_model_data": 260608,
      "minecraft:item_name": "{\"extra\":[{\"color\":\"light_purple\",\"italic\":false,\"text\": \"Costume Box (Lucario)\"}],\"italic\":false,\"text\":\"\"}",
      "minecraft:lore": [
        "{\"text\":\"Form Changes\", \"color\":\"blue\", \"italic\":false}",
        "{\"color\":\"gray\",\"text\":\"A Box full of Lucarios favorite costumes\"}"
      ]
    }
  }
}