{
  "type": "minecraft:crafting_shapeless",
  "ingredients":  [
    {
      "item": "cobblemon:silk_scarf"
    },
    {
      "item": "cobblemon:green_mint_leaf"
    },
    {
      "item": "minecraft:green_dye"
    }
  ],
  "result": {
    "id": "minecraft:ominous_trial_key",
    "count": 1,
    "components": {
      "minecraft:custom_model_data": 260610,
      "minecraft:item_name": "{\"extra\":[{\"color\":\"light_purple\",\"italic\":false,\"text\": \"Green Scarf\"}],\"italic\":false,\"text\":\"\"}",
      "minecraft:lore": [
        "{\"text\":\"Form Changes\", \"color\":\"blue\", \"italic\":false}",
        "{\"color\":\"gray\",\"text\":\"A scarf typically worn by the Mystery Dungeon Team\"}"
      ]
    }
  }
}