{
    "portraitScale": 1.21,
    "portraitTranslation": [ -0, 0.6, 0 ],
    "profileScale": 0.6,
    "profileTranslation": [ 0, 0.8, 0 ],
    "animations": {
      "faint": "q.bedrock_primary('greedent', 'faint')",
      "cry": "q.bedrock_stateful('greedent', 'cry')",
      "physical": "q.bedrock_primary('greedent', 'physical', q.curve('symmetrical_wide'))",
      "special": "q.bedrock_primary('greedent', 'special', q.curve('symmetrical_wide'))",
      "status": "q.bedrock_primary('greedent', 'status', q.curve('symmetrical_wide'))",
      "recoil": "q.bedrock_stateful('greedent', 'recoil')"
   },
  "poses": {
    "battle-standing": {
      "poseTypes": [
        "STAND"
      ],
      "isBattle": true,
      "animations": [
	  "q.look('head')",
        "q.bedrock('greedent', 'ground_idle')"
      ],
	  "namedAnimations": {
			"cry": "q.bedrock_primary('greedent', 'battle_cry', q.curve('symmetrical_wide'))"
          },
      "quirks": [
        "q.bedrock_quirk('greedent', 'blink')",
        "q.bedrock_quirk('greedent', 'quirk')",
        "q.bedrock_quirk('greedent', 'quirk_tail')"
      ]
    },"standing": {
      "poseTypes": [
        "STAND",
        "NONE",
        "PORTRAIT",
        "PROFILE"
      ],
      "isBattle": false,
      "animations": [
	  "q.look('head')",
        "q.bedrock('greedent', 'ground_idle')"
      ],
      "quirks": [
        "q.bedrock_quirk('greedent', 'blink')",
        "q.bedrock_quirk('greedent', 'quirk')",
        "q.bedrock_quirk('greedent', 'quirk_tail')"
      ]
    },
    "walking": {
      "poseTypes": [
        "WALK","SWIM"
      ],
      "animations": [
        "q.bedrock('greedent', 'ground_walk')"
      ],
      "quirks": [
        "q.bedrock_quirk('greedent', 'blink')",
        "q.bedrock_quirk('greedent', 'quirk')",
        "q.bedrock_quirk('greedent', 'quirk_tail')"
       ]
      },
      "sleeping": {
        "poseName": "sleeping",
        "transformTicks": 10,
        "poseTypes": ["SLEEP"],
        "animations": [
          "q.bedrock('greedent', 'sleep')"
        ]
      }
    }
  }