{
  "portraitScale": 2.75,
  "portraitTranslation": [-0.35, -2.1, 0],
  "profileScale": 1,
  "profileTranslation": [-0, 0.2, 0],
    "rootBone": "rolycoly",  
    "animations": {
      "faint": "q.bedrock_primary('rolycoly', 'faint')",
      "cry": "q.bedrock_stateful('rolycoly', 'cry')",
      "physical": "q.bedrock_primary('rolycoly', 'physical', q.curve('symmetrical_wide'))",
      "special": "q.bedrock_primary('rolycoly', 'special', q.curve('symmetrical_wide'))",
      "status": "q.bedrock_primary('rolycoly', 'status')",
      "recoil": "q.bedrock_stateful('rolycoly', 'recoil')"
  },
  "poses": {
    "battle-standing": {
      "poseTypes": [
        "STAND"
      ],
      "isBattle": true,
      "animations": [
	  "q.look('head')",
        "q.bedrock('rolycoly', 'battle_idle')"
      ],
	  "namedAnimations": {
			"cry": "q.bedrock_primary('rolycoly', 'battle_cry', q.curve('symmetrical_wide'))"
          },
      "quirks": [
        "q.bedrock_quirk('rolycoly', 'blink')",
        "q.bedrock_quirk('rolycoly', 'quirk')"
      ]
    },"standing": {
      "poseTypes": [
        "STAND",
        "NONE",
        "PORTRAIT",
        "PROFILE"
      ],
      "isBattle": false,
      "animations": [
	  "q.look('head')",
        "q.bedrock('rolycoly', 'ground_idle')"
      ],
      "quirks": [
        "q.bedrock_quirk('rolycoly', 'blink')",
        "q.bedrock_quirk('rolycoly', 'quirk')"
      ]
    },
    "walking": {
      "poseTypes": [
        "WALK","SWIM"
      ],
      "animations": [
        "q.bedrock('rolycoly', 'ground_walk')"
      ],
      "quirks": [
        "q.bedrock_quirk('rolycoly', 'blink')",
        "q.bedrock_quirk('rolycoly', 'quirk')"
       ]
      },
      "sleeping": {
        "poseName": "sleeping",
        "transformTicks": 10,
        "poseTypes": ["SLEEP"],
        "animations": [
          "q.bedrock('rolycoly', 'sleep')"
   ]
  },
      "shoulder_left": {
        "poseTypes": ["SHOULDER_LEFT"],
        "animations": [
          "q.bedrock('rolycoly', 'shoulder_left')"
        ],
        "quirks": ["q.bedrock_quirk('rolycoly', 'blink')"]
      },
      "shoulder_right": {
        "poseTypes": ["SHOULDER_RIGHT"],
        "animations": [
          "q.bedrock('rolycoly', 'shoulder_right')"
        ],
        "quirks": ["q.bedrock_quirk('rolycoly', 'blink')"]
      }
    }
   }