{
	"format_version": "1.8.0",
	"animations": {
		"animation.pancham.happy": {
			"animation_length": 1,
			"bones": {
				"smile": {
					"position": [0, 0, 1]
				},
				"sheet": {
					"position": [-1, 0, -1]
				},
				"mounch": {
					"position": [0, 0, -2]
				},
				"eye1": {
					"position": [0, 0, 1]
				},
				"eye2": {
					"position": [0, 0, 1]
				},
				"eye_happy1": {
					"position": [0, 0, -2]
				},
				"eye_happy2": {
					"position": [0, 0, -2]
				}
			}
		},
		"animation.pancham.hurt": {
			"animation_length": 1,
			"bones": {
				"smile": {
					"position": [0, 0, 3]
				},
				"eye1": {
					"position": [0, 0, 1]
				},
				"eye_happy1": {
					"position": [0, 0, -2]
				},
				"ceja2": {
					"rotation": [0, 0, -7.5],
					"position": [1, -1, 0]
				},
				"smile_hurt": {
					"position": [-0.5, 1, -5]
				}
			}
		},
		"animation.pancham.angry": {
			"animation_length": 1,
			"bones": {
				"smile": {
					"position": [0, 0, 2]
				},
				"sheet": {
					"position": [0, 0, 1]
				},
				"mounch": {
					"position": [0, 0, -3]
				},
				"ceja1": {
					"rotation": [0, 0, 10],
					"position": [-1, -1, 0]
				},
				"ceja2": {
					"rotation": [0, 0, -10],
					"position": [1, -1, 0]
				}
			}
		},
		"animation.pancham.render": {
			"loop": true,
			"bones": {
				"leg1": {
					"rotation": [-9.13039, 34.65749, -5.22206],
					"position": [-1, 2, -6]
				},
				"leg2": {
					"rotation": [0, -32.5, 0],
					"position": [0, 0, -2]
				},
				"torso": {
					"position": [0, -1, 0]
				},
				"hand1": {
					"rotation": [5.78802, 9.83261, -56.02508],
					"position": [1, 1, 1]
				},
				"hand_part1": {
					"rotation": [0, 0, -45],
					"position": [1, 0.6, 0]
				},
				"hand2": {
					"rotation": [0, 17.5, 50],
					"position": [-1, 0, -1]
				},
				"hand_part2": {
					"rotation": [0, 0, 52.5],
					"position": [-2, 0.8, 0]
				},
				"head": {
					"rotation": [7.85952, -17.34551, -2.35666]
				},
				"ear1": {
					"rotation": [0, 0, 5]
				},
				"ear2": {
					"rotation": [0, 0, -5]
				},
				"hair_head1": {
					"rotation": [0, 0, 17.5]
				},
				"hair_head2": {
					"rotation": [0, 0, -17.5]
				},
				"hairs_torso": {
					"rotation": [-44.27887, 14.60559, -13.81465]
				},
				"body": {
					"rotation": [0, 0, 0]
				}
			}
		},
		"animation.pancham.ground_idle": {
			"loop": true,
			"bones": {
				"leg1": {
					"rotation": [0, 10, 0],
					"position": [0.5, 0, 0]
				},
				"leg2": {
					"rotation": [0, -10, 0],
					"position": [-0.5, 0, 0]
				},
				"torso": {
					"rotation": ["5+math.sin(q.anim_time*90*3)*4", "0-math.cos(q.anim_time*90*3-180)*2", 0],
					"position": [0, "0+math.sin(q.anim_time*90*3-30)*0.15", 1]
				},
				"hand1": {
					"rotation": [-6.42614, "-34.1907-math.sin(q.anim_time*90*4)*7", "-33.6817-math.sin(q.anim_time*90*3)*4"],
					"position": [1, 0, 0]
				},
				"hand_part1": {
					"rotation": [0, 0, -40],
					"position": [1, 0.5, 0]
				},
				"hand_mini1": {
					"rotation": [0, 0, -25],
					"position": [1, 1.5, 0]
				},
				"hand2": {
					"rotation": [-6.42614, "34.1907+math.sin(q.anim_time*90*4)*7", "33.6817+math.sin(q.anim_time*90*3)*4"],
					"position": [-1, 0, 0]
				},
				"hand_part2": {
					"rotation": [0, 0, 40],
					"position": [-1, 0.5, 0]
				},
				"hand_mini2": {
					"rotation": [0, 0, 25],
					"position": [-1, 1.5, 0]
				},
				"head": {
					"rotation": ["-2.5+math.sin(q.anim_time*90*2.5)*1", 0, 0]
				},
				"hair_head1": {
					"rotation": [0, "0+math.sin(q.anim_time*90*3)*5", 5]
				},
				"hair_head2": {
					"rotation": [0, "0-math.sin(q.anim_time*90*3)*5", -5]
				},
				"hairs_torso": {
					"rotation": ["-62.5+math.sin(q.anim_time*90*2.5)*2", 0, 0],
					"position": [0, -1, -1]
				}
			}
		},
		"animation.pancham.blink": {
			"animation_length": 0.25,
			"bones": {
				"eye1": {
					"position": {
						"0.0": [0, 0, 1],
						"0.25": [0, 0, 0]
					}
				},
				"ceja1": {
					"position": {
						"0.0": [0, 0, -1],
						"0.25": [0, 0, 0]
					}
				},
				"eye2": {
					"position": {
						"0.0": [0, 0, 1],
						"0.25": [0, 0, 0]
					}
				},
				"ceja2": {
					"position": {
						"0.0": [0, 0, -1],
						"0.25": [0, 0, 0]
					}
				}
			}
		},
		"animation.pancham.ground_walk": {
			"loop": true,
			"animation_length": 1,
			"bones": {
				"leg1": {
					"rotation": [
						"math.clamp(math.sin(query.anim_time*90*4*1+180)*22.5,-22,0)+math.clamp(math.sin(query.anim_time*90*4*1+180)*7.5,0,5)",
						"10+math.sin(q.anim_time*90*4+0)*5",
						"math.clamp(math.sin(query.anim_time*90*4*1+10)*6,-0,5)"
					],
					"position": [
						"-0.2+math.sin(q.anim_time*90*4-75+180)*0.25",
						"math.clamp(math.sin(query.anim_time*90*4*1+200+180)*1,-0.1,1)",
						"0+math.sin(q.anim_time*90*4-75+180)*1.5"
					]
				},
				"leg2": {
					"rotation": [
						"math.clamp(math.sin(query.anim_time*90*4*1+0)*22.5,-22,0)+math.clamp(math.sin(query.anim_time*90*4*1+0)*7.5,0,5)",
						"-10+math.sin(q.anim_time*90*4-0)*5",
						"math.clamp(math.sin(query.anim_time*90*4*1+10)*6,-5,0)"
					],
					"position": [
						"0.2+math.sin(q.anim_time*90*4-75+180)*0.25",
						"math.clamp(math.sin(query.anim_time*90*4*1+200)*1,-0.1,1)",
						"0+math.sin(q.anim_time*90*4-75)*1.5"
					]
				},
				"torso": {
					"rotation": ["2.5+math.cos(query.anim_time*90*4+180)*3", 0, "-math.sin(query.anim_time*90*4+180)*4"],
					"position": [0, "0-math.sin(q.anim_time*90*2)*0.5", 0]
				},
				"hairs_torso": {
					"rotation": {
						"0.0": {
							"post": [-47.5, 0, 0],
							"lerp_mode": "catmullrom"
						},
						"1.0": {
							"post": [-47.5, 0, 0],
							"lerp_mode": "catmullrom"
						}
					}
				},
				"hand1": {
					"rotation": {
						"0.0": {
							"post": [-27.12352, 34.23641, -38.42621],
							"lerp_mode": "catmullrom"
						},
						"0.5": {
							"post": [-29.0703, -35.8147, -10.017],
							"lerp_mode": "catmullrom"
						},
						"1.0": {
							"post": [-27.12352, 34.23641, -38.42621],
							"lerp_mode": "catmullrom"
						}
					},
					"position": {
						"0.0": {
							"post": [1, 0, 0],
							"lerp_mode": "catmullrom"
						},
						"0.25": {
							"post": [1, 0, -1.5],
							"lerp_mode": "catmullrom"
						},
						"0.5": {
							"post": [1, 0, -1],
							"lerp_mode": "catmullrom"
						},
						"1.0": {
							"post": [1, 0, 0],
							"lerp_mode": "catmullrom"
						}
					}
				},
				"hand_part1": {
					"rotation": {
						"0.0": {
							"post": [0, 0, -40],
							"lerp_mode": "catmullrom"
						},
						"1.0": {
							"post": [0, 0, -40],
							"lerp_mode": "catmullrom"
						}
					},
					"position": {
						"0.0": {
							"post": [1, 0.5, 0],
							"lerp_mode": "catmullrom"
						},
						"1.0": {
							"post": [1, 0.5, 0],
							"lerp_mode": "catmullrom"
						}
					}
				},
				"hand_mini1": {
					"rotation": {
						"0.0": {
							"post": [0, 0, -25],
							"lerp_mode": "catmullrom"
						},
						"1.0": {
							"post": [0, 0, -25],
							"lerp_mode": "catmullrom"
						}
					},
					"position": {
						"0.0": {
							"post": [1, 1.5, 0],
							"lerp_mode": "catmullrom"
						},
						"1.0": {
							"post": [1, 1.5, 0],
							"lerp_mode": "catmullrom"
						}
					}
				},
				"hand2": {
					"rotation": {
						"0.0": {
							"post": [-11.1802, 43.74129, 37.5953],
							"lerp_mode": "catmullrom"
						},
						"0.5": {
							"post": [-18.50067, -39.11296, 24.0508],
							"lerp_mode": "catmullrom"
						},
						"1.0": {
							"post": [-11.1802, 43.74129, 37.5953],
							"lerp_mode": "catmullrom"
						}
					},
					"position": {
						"0.0": {
							"post": [-1, 0, -1],
							"lerp_mode": "catmullrom"
						},
						"0.25": {
							"post": [-1, 0, 0.5],
							"lerp_mode": "catmullrom"
						},
						"0.5": {
							"post": [-1, 0, 0],
							"lerp_mode": "catmullrom"
						},
						"1.0": {
							"post": [-1, 0, -1],
							"lerp_mode": "catmullrom"
						}
					}
				},
				"hand_part2": {
					"rotation": {
						"0.0": {
							"post": [0, 0, 40],
							"lerp_mode": "catmullrom"
						},
						"1.0": {
							"post": [0, 0, 40],
							"lerp_mode": "catmullrom"
						}
					},
					"position": {
						"0.0": {
							"post": [-1, 0.5, 0],
							"lerp_mode": "catmullrom"
						},
						"1.0": {
							"post": [-1, 0.5, 0],
							"lerp_mode": "catmullrom"
						}
					}
				},
				"hand_mini2": {
					"rotation": {
						"0.0": {
							"post": [0, 0, 25],
							"lerp_mode": "catmullrom"
						},
						"1.0": {
							"post": [0, 0, 25],
							"lerp_mode": "catmullrom"
						}
					},
					"position": {
						"0.0": {
							"post": [-1, 1.5, 0],
							"lerp_mode": "catmullrom"
						},
						"1.0": {
							"post": [-1, 1.5, 0],
							"lerp_mode": "catmullrom"
						}
					}
				},
				"head": {
					"rotation": ["math.cos(query.anim_time*90*4+180)*4", 0, "-math.sin(query.anim_time*90*2)*4"]
				}
			}
		},
		"animation.pancham.battle_idle": {
			"loop": true,
			"bones": {
				"leg1": {
					"rotation": [0, 10, 0]
				},
				"leg2": {
					"rotation": [0, -30, 0]
				},
				"torso": {
					"rotation": ["10+math.cos(query.anim_time*90*4+90)*3", "-15+math.sin(q.anim_time*90*2)*5", "0-math.sin(query.anim_time*90*2+180)*4"],
					"position": [0, "0-math.sin(q.anim_time*90*0.1)*0.5", 2]
				},
				"hairs_torso": {
					"rotation": [-72.5, 0, 0]
				},
				"hand1": {
					"rotation": [2.00307, "-14.8686986477-math.sin(q.anim_time*90*3)*4", "-55.2614005368+math.sin(query.anim_time*90*3.2+180)*6"],
					"position": [1, 0, 0]
				},
				"hand_part1": {
					"rotation": [15.00046, -31.99975, -26.82396],
					"position": [1, 0.5, 1]
				},
				"hand2": {
					"rotation": [0, 32.5, 50],
					"position": [-1, 0, 1]
				},
				"hand_part2": {
					"rotation": [0, 0, 55],
					"position": [-1, 1, 0]
				},
				"head": {
					"rotation": ["-5.0429232705+math.cos(query.anim_time*90*2+180)*5", -7.4713, "0.6573984637-math.cos(query.anim_time*90*3)*4"]
				},
				"hair_head1": {
					"rotation": [0, 12.5, 0],
					"position": [1, 0, -2]
				},
				"hair_head2": {
					"rotation": [0, -12.5, 0],
					"position": [-1, 0, -2]
				}
			}
		},
		"animation.pancham.pose": {
			"loop": true,
			"bones": {
				"leg1": {
					"rotation": {
						"0.0": {
							"post": [0, 10, 0],
							"lerp_mode": "catmullrom"
						}
					},
					"position": {
						"0.0": {
							"post": [0, 0, 0],
							"lerp_mode": "catmullrom"
						}
					}
				},
				"leg2": {
					"rotation": {
						"0.0": {
							"post": [0, -30, 0],
							"lerp_mode": "catmullrom"
						}
					},
					"position": {
						"0.0": {
							"post": [0, 0, 0],
							"lerp_mode": "catmullrom"
						}
					}
				},
				"torso": {
					"rotation": {
						"0.0": {
							"post": [10, -15, 0],
							"lerp_mode": "catmullrom"
						}
					},
					"position": {
						"0.0": {
							"post": [0, 0, 2],
							"lerp_mode": "catmullrom"
						}
					}
				},
				"hairs_torso": {
					"rotation": [-72.5, 0, 0]
				},
				"hand1": {
					"rotation": {
						"0.0": {
							"post": [2.00307, -14.8687, -55.2614],
							"lerp_mode": "catmullrom"
						}
					},
					"position": {
						"0.0": {
							"post": [1, 0, 0],
							"lerp_mode": "catmullrom"
						}
					}
				},
				"hand_part1": {
					"rotation": {
						"0.0": {
							"post": [15.00046, -31.99975, -26.82396],
							"lerp_mode": "catmullrom"
						}
					},
					"position": {
						"0.0": {
							"post": [1, 0.5, 1],
							"lerp_mode": "catmullrom"
						}
					}
				},
				"hand2": {
					"rotation": {
						"0.0": {
							"post": [0, 32.5, 50],
							"lerp_mode": "catmullrom"
						}
					},
					"position": {
						"0.0": {
							"post": [-1, 0, 1],
							"lerp_mode": "catmullrom"
						}
					}
				},
				"hand_part2": {
					"rotation": {
						"0.0": {
							"post": [0, 0, 55],
							"lerp_mode": "catmullrom"
						}
					},
					"position": {
						"0.0": {
							"post": [-1, 1, 0],
							"lerp_mode": "catmullrom"
						}
					}
				},
				"head": {
					"rotation": {
						"0.0": {
							"post": [-5.04292, -7.4713, 0.6574],
							"lerp_mode": "catmullrom"
						}
					},
					"position": {
						"0.0": {
							"post": [0, 0, 0],
							"lerp_mode": "catmullrom"
						}
					}
				},
				"hair_head1": {
					"rotation": [0, 12.5, 0],
					"position": [1, 0, -2]
				},
				"hair_head2": {
					"rotation": [0, -12.5, 0],
					"position": [-1, 0, -2]
				},
				"legs": {
					"position": {
						"0.0": {
							"post": [0, 0, 0],
							"lerp_mode": "catmullrom"
						}
					}
				},
				"smile": {
					"position": {
						"0.0": {
							"post": [0, 0, 0],
							"lerp_mode": "catmullrom"
						}
					}
				},
				"mounch": {
					"position": {
						"0.0": {
							"post": [0, 0, 0],
							"lerp_mode": "catmullrom"
						}
					}
				}
			}
		},
		"animation.pancham.battle_cry": {
			"animation_length": 1.75,
			"bones": {
				"leg1": {
					"rotation": {
						"0.0": {
							"post": [0, 10, 0],
							"lerp_mode": "catmullrom"
						},
						"0.1667": {
							"post": [0, 10, 0],
							"lerp_mode": "catmullrom"
						},
						"0.375": {
							"post": [0, -10, 0],
							"lerp_mode": "catmullrom"
						},
						"0.5833": {
							"post": [0, 5, 0],
							"lerp_mode": "catmullrom"
						},
						"1.0": {
							"post": [0, 5, 0],
							"lerp_mode": "catmullrom"
						},
						"1.25": {
							"post": [0, 5, 0],
							"lerp_mode": "catmullrom"
						},
						"1.5": {
							"post": [0, 10, 0],
							"lerp_mode": "catmullrom"
						},
						"1.75": {
							"post": [0, 10, 0],
							"lerp_mode": "catmullrom"
						}
					},
					"position": {
						"0.0": {
							"post": [0, 0, 0],
							"lerp_mode": "catmullrom"
						},
						"0.1667": {
							"post": [0, 0, 0],
							"lerp_mode": "catmullrom"
						},
						"0.5833": {
							"post": [2, 0, -2],
							"lerp_mode": "catmullrom"
						},
						"1.0": {
							"post": [2, 0, -2],
							"lerp_mode": "catmullrom"
						},
						"1.25": {
							"post": [2, 0, -2],
							"lerp_mode": "catmullrom"
						},
						"1.5": {
							"post": [0, 0, 0],
							"lerp_mode": "catmullrom"
						},
						"1.75": {
							"post": [0, 0, 0],
							"lerp_mode": "catmullrom"
						}
					}
				},
				"leg2": {
					"rotation": {
						"0.0": {
							"post": [0, -30, 0],
							"lerp_mode": "catmullrom"
						},
						"0.1667": {
							"post": [0, -30, 0],
							"lerp_mode": "catmullrom"
						},
						"0.375": {
							"post": [0, -20, 0],
							"lerp_mode": "catmullrom"
						},
						"0.5833": {
							"post": [0, -80, 0],
							"lerp_mode": "catmullrom"
						},
						"1.0": {
							"post": [0, -80, 0],
							"lerp_mode": "catmullrom"
						},
						"1.25": {
							"post": [0, -80, 0],
							"lerp_mode": "catmullrom"
						},
						"1.5": {
							"post": [0, -30, 0],
							"lerp_mode": "catmullrom"
						},
						"1.75": {
							"post": [0, -30, 0],
							"lerp_mode": "catmullrom"
						}
					},
					"position": {
						"0.0": {
							"post": [0, 0, 0],
							"lerp_mode": "catmullrom"
						},
						"0.1667": {
							"post": [0, 0, 0],
							"lerp_mode": "catmullrom"
						},
						"0.375": {
							"post": [0, 0, 0],
							"lerp_mode": "catmullrom"
						},
						"0.5833": {
							"post": [2, 0, 1],
							"lerp_mode": "catmullrom"
						},
						"1.0": {
							"post": [2, 0, 1],
							"lerp_mode": "catmullrom"
						},
						"1.25": {
							"post": [2, 0, 1],
							"lerp_mode": "catmullrom"
						},
						"1.5": {
							"post": [0, 0, 0],
							"lerp_mode": "catmullrom"
						},
						"1.75": {
							"post": [0, 0, 0],
							"lerp_mode": "catmullrom"
						}
					}
				},
				"torso": {
					"rotation": {
						"0.0": {
							"post": [10, -15, 0],
							"lerp_mode": "catmullrom"
						},
						"0.1667": {
							"post": [10, -15, 0],
							"lerp_mode": "catmullrom"
						},
						"0.375": {
							"post": [28.00685, -13.77076, -3.68346],
							"lerp_mode": "catmullrom"
						},
						"0.5833": {
							"post": [8.25756, -42.03256, -4.49249],
							"lerp_mode": "catmullrom"
						},
						"1.0": {
							"post": [8.25756, -42.03256, -4.49249],
							"lerp_mode": "catmullrom"
						},
						"1.25": {
							"post": [8.25756, -42.03256, -4.49249],
							"lerp_mode": "catmullrom"
						},
						"1.5": {
							"post": [10, -15, 0],
							"lerp_mode": "catmullrom"
						},
						"1.75": {
							"post": [10, -15, 0],
							"lerp_mode": "catmullrom"
						}
					},
					"position": {
						"0.0": [0, 0, 2],
						"0.1667": [0, 0, 2],
						"0.5833": [0, "0-math.sin(q.anim_time*90*64)*0.2", 2],
						"1.0": [0, "0-math.sin(q.anim_time*90*64)*0.2", 2],
						"1.25": [0, "0-math.sin(q.anim_time*90*64)*0.2", 2],
						"1.5": [0, 0, 2],
						"1.75": [0, 0, 2]
					}
				},
				"hairs_torso": {
					"rotation": [-72.5, 0, 0]
				},
				"hand1": {
					"rotation": {
						"0.0": {
							"post": [2.00307, -14.8687, -55.2614],
							"lerp_mode": "catmullrom"
						},
						"0.1667": {
							"post": [2.00307, -14.8687, -55.2614],
							"lerp_mode": "catmullrom"
						},
						"0.375": {
							"post": [-3.62675, -44.72474, -35.28033],
							"lerp_mode": "catmullrom"
						},
						"0.5833": {
							"post": [-10.47455, -3.25842, -24.37571],
							"lerp_mode": "catmullrom"
						},
						"0.625": {
							"post": [-11.16437, 15.6068, -27.27321],
							"lerp_mode": "catmullrom"
						},
						"1.0": {
							"post": [-10.47455, -3.25842, -24.37571],
							"lerp_mode": "catmullrom"
						},
						"1.25": {
							"post": [-10.47455, -3.25842, -24.37571],
							"lerp_mode": "catmullrom"
						},
						"1.5": {
							"post": [2.00307, -14.8687, -55.2614],
							"lerp_mode": "catmullrom"
						},
						"1.75": {
							"post": [2.00307, -14.8687, -55.2614],
							"lerp_mode": "catmullrom"
						}
					},
					"position": {
						"0.0": {
							"post": [1, 0, 0],
							"lerp_mode": "catmullrom"
						},
						"0.1667": {
							"post": [1, 0, 0],
							"lerp_mode": "catmullrom"
						},
						"0.4583": {
							"post": [1, 0, -1],
							"lerp_mode": "catmullrom"
						},
						"1.5": {
							"post": [1, 0, 0],
							"lerp_mode": "catmullrom"
						},
						"1.75": {
							"post": [1, 0, 0],
							"lerp_mode": "catmullrom"
						}
					}
				},
				"hand_part1": {
					"rotation": {
						"0.0": {
							"post": [15.00046, -31.99975, -26.82396],
							"lerp_mode": "catmullrom"
						},
						"0.1667": {
							"post": [15.00046, -31.99975, -26.82396],
							"lerp_mode": "catmullrom"
						},
						"0.375": {
							"post": [53.45006, -74.14328, -71.12317],
							"lerp_mode": "catmullrom"
						},
						"0.5833": {
							"post": [21.61349, -53.42274, -36.3918],
							"lerp_mode": "catmullrom"
						},
						"1.0": {
							"post": [21.61349, -53.42274, -36.3918],
							"lerp_mode": "catmullrom"
						},
						"1.25": {
							"post": [21.61349, -53.42274, -36.3918],
							"lerp_mode": "catmullrom"
						},
						"1.5": {
							"post": [15.00046, -31.99975, -26.82396],
							"lerp_mode": "catmullrom"
						},
						"1.75": {
							"post": [15.00046, -31.99975, -26.82396],
							"lerp_mode": "catmullrom"
						}
					},
					"position": {
						"0.0": {
							"post": [1, 0.5, 1],
							"lerp_mode": "catmullrom"
						},
						"0.1667": {
							"post": [1, 0.5, 1],
							"lerp_mode": "catmullrom"
						},
						"1.5": {
							"post": [1, 0.5, 1],
							"lerp_mode": "catmullrom"
						},
						"1.75": {
							"post": [1, 0.5, 1],
							"lerp_mode": "catmullrom"
						}
					}
				},
				"hand2": {
					"rotation": {
						"0.0": {
							"post": [0, 32.5, 50],
							"lerp_mode": "catmullrom"
						},
						"0.1667": {
							"post": [0, 32.5, 50],
							"lerp_mode": "catmullrom"
						},
						"0.375": {
							"post": [11.15623, 28.27407, 42.93846],
							"lerp_mode": "catmullrom"
						},
						"0.5833": {
							"post": [33.3055, -56.46179, 11.75329],
							"lerp_mode": "catmullrom"
						},
						"0.625": {
							"post": [43.37868, -65.76144, 0.19504],
							"lerp_mode": "catmullrom"
						},
						"1.0": {
							"post": [33.3055, -56.46179, 11.75329],
							"lerp_mode": "catmullrom"
						},
						"1.25": {
							"post": [33.3055, -56.46179, 11.75329],
							"lerp_mode": "catmullrom"
						},
						"1.5": {
							"post": [0, 32.5, 50],
							"lerp_mode": "catmullrom"
						},
						"1.75": {
							"post": [0, 32.5, 50],
							"lerp_mode": "catmullrom"
						}
					},
					"position": {
						"0.0": {
							"post": [-1, 0, 1],
							"lerp_mode": "catmullrom"
						},
						"0.1667": {
							"post": [-1, 0, 1],
							"lerp_mode": "catmullrom"
						},
						"0.4583": {
							"post": [-1, 0, 2],
							"lerp_mode": "catmullrom"
						},
						"1.5": {
							"post": [-1, 0, 1],
							"lerp_mode": "catmullrom"
						},
						"1.75": {
							"post": [-1, 0, 1],
							"lerp_mode": "catmullrom"
						}
					}
				},
				"hand_part2": {
					"rotation": {
						"0.0": {
							"post": [0, 0, 55],
							"lerp_mode": "catmullrom"
						},
						"0.1667": {
							"post": [0, 0, 55],
							"lerp_mode": "catmullrom"
						},
						"0.375": {
							"post": [0, 70, 7.5],
							"lerp_mode": "catmullrom"
						},
						"0.5833": {
							"post": [0, 90, 7.5],
							"lerp_mode": "catmullrom"
						},
						"1.0": {
							"post": [0, 90, 7.5],
							"lerp_mode": "catmullrom"
						},
						"1.25": {
							"post": [0, 90, 7.5],
							"lerp_mode": "catmullrom"
						},
						"1.5": {
							"post": [0, 0, 55],
							"lerp_mode": "catmullrom"
						},
						"1.75": {
							"post": [0, 0, 55],
							"lerp_mode": "catmullrom"
						}
					},
					"position": {
						"0.0": {
							"post": [-1, 1, 0],
							"lerp_mode": "catmullrom"
						},
						"0.1667": {
							"post": [-1, 1, 0],
							"lerp_mode": "catmullrom"
						},
						"0.375": {
							"post": [-1, 0, 0],
							"lerp_mode": "catmullrom"
						},
						"1.5": {
							"post": [-1, 1, 0],
							"lerp_mode": "catmullrom"
						},
						"1.75": {
							"post": [-1, 1, 0],
							"lerp_mode": "catmullrom"
						}
					}
				},
				"head": {
					"rotation": {
						"0.0": {
							"post": [-5.04292, -7.4713, 0.6574],
							"lerp_mode": "catmullrom"
						},
						"0.1667": {
							"post": [-5.04292, -7.4713, 0.6574],
							"lerp_mode": "catmullrom"
						},
						"0.375": {
							"post": [22.46463, -17.6244, -0.28849],
							"lerp_mode": "catmullrom"
						},
						"0.5833": {
							"post": ["-18.213998526-math.sin(q.anim_time*90*64)*1.75", 15.09821, -2.65402],
							"lerp_mode": "catmullrom"
						},
						"1.0": {
							"post": ["-18.213998526-math.sin(q.anim_time*90*64)*1.75", 15.09821, -2.65402],
							"lerp_mode": "catmullrom"
						},
						"1.25": {
							"post": ["-18.213998526-math.sin(q.anim_time*90*64)*1.75", 15.09821, -2.65402],
							"lerp_mode": "catmullrom"
						},
						"1.5": {
							"post": [-5.04292, -7.4713, 0.6574],
							"lerp_mode": "catmullrom"
						},
						"1.75": {
							"post": [-5.04292, -7.4713, 0.6574],
							"lerp_mode": "catmullrom"
						}
					},
					"position": {
						"0.0": {
							"post": [0, 0, 0],
							"lerp_mode": "catmullrom"
						},
						"0.1667": {
							"post": [0, 0, 0],
							"lerp_mode": "catmullrom"
						},
						"1.5": {
							"post": [0, 0, 0],
							"lerp_mode": "catmullrom"
						},
						"1.75": {
							"post": [0, 0, 0],
							"lerp_mode": "catmullrom"
						}
					}
				},
				"hair_head1": {
					"rotation": {
						"0.0": [0, 12.5, 0],
						"0.1667": [0, 12.5, 0],
						"0.5833": [0, "12.4999999999+math.sin(q.anim_time*90*35)*8", "0-math.sin(q.anim_time*90*64)*2"],
						"1.0": [0, "12.4999999999+math.sin(q.anim_time*90*35)*8", "0-math.sin(q.anim_time*90*64)*2"],
						"1.25": [0, "12.4999999999+math.sin(q.anim_time*90*35)*8", "0-math.sin(q.anim_time*90*64)*2"],
						"1.75": [0, 12.5, 0]
					},
					"position": {
						"0.0": [1, 0, -2],
						"0.1667": [1, 0, -2],
						"1.75": [1, 0, -2]
					}
				},
				"hair_head2": {
					"rotation": {
						"0.0": [0, -12.5, 0],
						"0.1667": [0, -12.5, 0],
						"0.5833": [0, "-12.5+math.sin(q.anim_time*90*35)*8", "0-math.sin(q.anim_time*90*64)*2"],
						"1.0": [0, "-12.5+math.sin(q.anim_time*90*35)*8", "0-math.sin(q.anim_time*90*64)*2"],
						"1.25": [0, "-12.5+math.sin(q.anim_time*90*35)*8", "0-math.sin(q.anim_time*90*64)*2"],
						"1.75": [0, -12.5, 0]
					},
					"position": {
						"0.0": [-1, 0, -2],
						"0.1667": [-1, 0, -2],
						"1.75": [-1, 0, -2]
					}
				},
				"legs": {
					"position": {
						"0.0": {
							"post": [0, 0, 0],
							"lerp_mode": "catmullrom"
						}
					}
				},
				"smile": {
					"position": {
						"0.0": [0, 0, 0],
						"0.1667": [0, 0, 0],
						"0.5833": {
							"pre": [0, 0, 0],
							"post": [0, 0, 1]
						},
						"1.0": [0, 0, 1],
						"1.25": [0, 0, 1],
						"1.5": {
							"pre": [0, 0, 1],
							"post": [0, 0, 0]
						},
						"1.75": [0, 0, 0]
					}
				},
				"mounch": {
					"position": {
						"0.0": [0, 0, 0],
						"0.1667": [0, 0, 0],
						"0.5833": {
							"pre": [0, 0, 0],
							"post": [0, 0, -2]
						},
						"1.0": [0, 0, -2],
						"1.25": [0, 0, -2],
						"1.5": {
							"pre": [0, 0, -2],
							"post": [0, 0, 0]
						},
						"1.75": [0, 0, 0]
					}
				},
				"body": {
					"rotation": {
						"0.0": {
							"post": [0, 0, 0],
							"lerp_mode": "catmullrom"
						},
						"0.1667": {
							"post": [0, 0, 0],
							"lerp_mode": "catmullrom"
						},
						"0.375": {
							"post": [0, -7.5, 0],
							"lerp_mode": "catmullrom"
						},
						"0.5833": {
							"post": [0, 10, 0],
							"lerp_mode": "catmullrom"
						},
						"1.75": {
							"post": [0, 0, 0],
							"lerp_mode": "catmullrom"
						}
					},
					"position": {
						"0.0": [0, 0, 0],
						"0.1667": [0, 0, 0],
						"0.375": [0, 0, 1],
						"0.5833": [0, 0, -1],
						"1.75": [0, 0, 0]
					}
				},
				"sheet": {
					"position": {
						"0.0": [0, 0, 0],
						"0.1667": [0, 0, 0],
						"0.5833": {
							"pre": [0, 0, 0],
							"post": [-2, 0, -1]
						},
						"1.0": [-2, 0, -1],
						"1.25": [-2, 0, -1],
						"1.5": {
							"pre": [-2, 0, -1],
							"post": [0, 0, 0]
						},
						"1.75": [0, 0, 0]
					}
				}
			},
			"sound_effects": {
				"0.5833": {
					"effect": "pokemon.pancham.cry"
				}
			}
		},
		"animation.pancham.status": {
			"animation_length": 1.75,
			"bones": {
				"leg1": {
					"rotation": {
						"0.0": {
							"post": [0, 10, 0],
							"lerp_mode": "catmullrom"
						},
						"0.1667": {
							"post": [0, 10, 0],
							"lerp_mode": "catmullrom"
						},
						"0.375": {
							"post": [0, -10, 0],
							"lerp_mode": "catmullrom"
						},
						"0.5833": {
							"post": [0, 5, 0],
							"lerp_mode": "catmullrom"
						},
						"1.0": {
							"post": [0, 5, 0],
							"lerp_mode": "catmullrom"
						},
						"1.25": {
							"post": [0, 5, 0],
							"lerp_mode": "catmullrom"
						},
						"1.5": {
							"post": [0, 10, 0],
							"lerp_mode": "catmullrom"
						},
						"1.75": {
							"post": [0, 10, 0],
							"lerp_mode": "catmullrom"
						}
					},
					"position": {
						"0.0": {
							"post": [0, 0, 0],
							"lerp_mode": "catmullrom"
						},
						"0.1667": {
							"post": [0, 0, 0],
							"lerp_mode": "catmullrom"
						},
						"0.5833": {
							"post": [2, 0, -2],
							"lerp_mode": "catmullrom"
						},
						"1.0": {
							"post": [2, 0, -2],
							"lerp_mode": "catmullrom"
						},
						"1.25": {
							"post": [2, 0, -2],
							"lerp_mode": "catmullrom"
						},
						"1.5": {
							"post": [0, 0, 0],
							"lerp_mode": "catmullrom"
						},
						"1.75": {
							"post": [0, 0, 0],
							"lerp_mode": "catmullrom"
						}
					}
				},
				"leg2": {
					"rotation": {
						"0.0": {
							"post": [0, -30, 0],
							"lerp_mode": "catmullrom"
						},
						"0.1667": {
							"post": [0, -30, 0],
							"lerp_mode": "catmullrom"
						},
						"0.375": {
							"post": [0, -20, 0],
							"lerp_mode": "catmullrom"
						},
						"0.5833": {
							"post": [0, -80, 0],
							"lerp_mode": "catmullrom"
						},
						"1.0": {
							"post": [0, -80, 0],
							"lerp_mode": "catmullrom"
						},
						"1.25": {
							"post": [0, -80, 0],
							"lerp_mode": "catmullrom"
						},
						"1.5": {
							"post": [0, -30, 0],
							"lerp_mode": "catmullrom"
						},
						"1.75": {
							"post": [0, -30, 0],
							"lerp_mode": "catmullrom"
						}
					},
					"position": {
						"0.0": {
							"post": [0, 0, 0],
							"lerp_mode": "catmullrom"
						},
						"0.1667": {
							"post": [0, 0, 0],
							"lerp_mode": "catmullrom"
						},
						"0.375": {
							"post": [0, 0, 0],
							"lerp_mode": "catmullrom"
						},
						"0.5833": {
							"post": [2, 0, 1],
							"lerp_mode": "catmullrom"
						},
						"1.0": {
							"post": [2, 0, 1],
							"lerp_mode": "catmullrom"
						},
						"1.25": {
							"post": [2, 0, 1],
							"lerp_mode": "catmullrom"
						},
						"1.5": {
							"post": [0, 0, 0],
							"lerp_mode": "catmullrom"
						},
						"1.75": {
							"post": [0, 0, 0],
							"lerp_mode": "catmullrom"
						}
					}
				},
				"torso": {
					"rotation": {
						"0.0": {
							"post": [10, -15, 0],
							"lerp_mode": "catmullrom"
						},
						"0.1667": {
							"post": [10, -15, 0],
							"lerp_mode": "catmullrom"
						},
						"0.375": {
							"post": [28.00685, -13.77076, -3.68346],
							"lerp_mode": "catmullrom"
						},
						"0.5833": {
							"post": [8.25756, -42.03256, -4.49249],
							"lerp_mode": "catmullrom"
						},
						"1.0": {
							"post": [8.25756, -42.03256, -4.49249],
							"lerp_mode": "catmullrom"
						},
						"1.25": {
							"post": [8.25756, -42.03256, -4.49249],
							"lerp_mode": "catmullrom"
						},
						"1.5": {
							"post": [10, -15, 0],
							"lerp_mode": "catmullrom"
						},
						"1.75": {
							"post": [10, -15, 0],
							"lerp_mode": "catmullrom"
						}
					},
					"position": {
						"0.0": [0, 0, 2],
						"0.1667": [0, 0, 2],
						"0.5833": [0, "0-math.sin(q.anim_time*90*64)*0.2", 2],
						"1.0": [0, "0-math.sin(q.anim_time*90*64)*0.2", 2],
						"1.25": [0, "0-math.sin(q.anim_time*90*64)*0.2", 2],
						"1.5": [0, 0, 2],
						"1.75": [0, 0, 2]
					}
				},
				"hairs_torso": {
					"rotation": [-72.5, 0, 0]
				},
				"hand1": {
					"rotation": {
						"0.0": {
							"post": [2.00307, -14.8687, -55.2614],
							"lerp_mode": "catmullrom"
						},
						"0.1667": {
							"post": [2.00307, -14.8687, -55.2614],
							"lerp_mode": "catmullrom"
						},
						"0.375": {
							"post": [-3.62675, -44.72474, -35.28033],
							"lerp_mode": "catmullrom"
						},
						"0.5833": {
							"post": [-10.47455, -3.25842, -24.37571],
							"lerp_mode": "catmullrom"
						},
						"0.625": {
							"post": [-11.16437, 15.6068, -27.27321],
							"lerp_mode": "catmullrom"
						},
						"1.0": {
							"post": [-10.47455, -3.25842, -24.37571],
							"lerp_mode": "catmullrom"
						},
						"1.25": {
							"post": [-10.47455, -3.25842, -24.37571],
							"lerp_mode": "catmullrom"
						},
						"1.5": {
							"post": [2.00307, -14.8687, -55.2614],
							"lerp_mode": "catmullrom"
						},
						"1.75": {
							"post": [2.00307, -14.8687, -55.2614],
							"lerp_mode": "catmullrom"
						}
					},
					"position": {
						"0.0": {
							"post": [1, 0, 0],
							"lerp_mode": "catmullrom"
						},
						"0.1667": {
							"post": [1, 0, 0],
							"lerp_mode": "catmullrom"
						},
						"0.4583": {
							"post": [1, 0, -1],
							"lerp_mode": "catmullrom"
						},
						"1.5": {
							"post": [1, 0, 0],
							"lerp_mode": "catmullrom"
						},
						"1.75": {
							"post": [1, 0, 0],
							"lerp_mode": "catmullrom"
						}
					}
				},
				"hand_part1": {
					"rotation": {
						"0.0": {
							"post": [15.00046, -31.99975, -26.82396],
							"lerp_mode": "catmullrom"
						},
						"0.1667": {
							"post": [15.00046, -31.99975, -26.82396],
							"lerp_mode": "catmullrom"
						},
						"0.375": {
							"post": [53.45006, -74.14328, -71.12317],
							"lerp_mode": "catmullrom"
						},
						"0.5833": {
							"post": [21.61349, -53.42274, -36.3918],
							"lerp_mode": "catmullrom"
						},
						"1.0": {
							"post": [21.61349, -53.42274, -36.3918],
							"lerp_mode": "catmullrom"
						},
						"1.25": {
							"post": [21.61349, -53.42274, -36.3918],
							"lerp_mode": "catmullrom"
						},
						"1.5": {
							"post": [15.00046, -31.99975, -26.82396],
							"lerp_mode": "catmullrom"
						},
						"1.75": {
							"post": [15.00046, -31.99975, -26.82396],
							"lerp_mode": "catmullrom"
						}
					},
					"position": {
						"0.0": {
							"post": [1, 0.5, 1],
							"lerp_mode": "catmullrom"
						},
						"0.1667": {
							"post": [1, 0.5, 1],
							"lerp_mode": "catmullrom"
						},
						"1.5": {
							"post": [1, 0.5, 1],
							"lerp_mode": "catmullrom"
						},
						"1.75": {
							"post": [1, 0.5, 1],
							"lerp_mode": "catmullrom"
						}
					}
				},
				"hand2": {
					"rotation": {
						"0.0": {
							"post": [0, 32.5, 50],
							"lerp_mode": "catmullrom"
						},
						"0.1667": {
							"post": [0, 32.5, 50],
							"lerp_mode": "catmullrom"
						},
						"0.375": {
							"post": [11.15623, 28.27407, 42.93846],
							"lerp_mode": "catmullrom"
						},
						"0.5833": {
							"post": [33.3055, -56.46179, 11.75329],
							"lerp_mode": "catmullrom"
						},
						"0.625": {
							"post": [43.37868, -65.76144, 0.19504],
							"lerp_mode": "catmullrom"
						},
						"1.0": {
							"post": [33.3055, -56.46179, 11.75329],
							"lerp_mode": "catmullrom"
						},
						"1.25": {
							"post": [33.3055, -56.46179, 11.75329],
							"lerp_mode": "catmullrom"
						},
						"1.5": {
							"post": [0, 32.5, 50],
							"lerp_mode": "catmullrom"
						},
						"1.75": {
							"post": [0, 32.5, 50],
							"lerp_mode": "catmullrom"
						}
					},
					"position": {
						"0.0": {
							"post": [-1, 0, 1],
							"lerp_mode": "catmullrom"
						},
						"0.1667": {
							"post": [-1, 0, 1],
							"lerp_mode": "catmullrom"
						},
						"0.4583": {
							"post": [-1, 0, 2],
							"lerp_mode": "catmullrom"
						},
						"1.5": {
							"post": [-1, 0, 1],
							"lerp_mode": "catmullrom"
						},
						"1.75": {
							"post": [-1, 0, 1],
							"lerp_mode": "catmullrom"
						}
					}
				},
				"hand_part2": {
					"rotation": {
						"0.0": {
							"post": [0, 0, 55],
							"lerp_mode": "catmullrom"
						},
						"0.1667": {
							"post": [0, 0, 55],
							"lerp_mode": "catmullrom"
						},
						"0.375": {
							"post": [0, 70, 7.5],
							"lerp_mode": "catmullrom"
						},
						"0.5833": {
							"post": [0, 90, 7.5],
							"lerp_mode": "catmullrom"
						},
						"1.0": {
							"post": [0, 90, 7.5],
							"lerp_mode": "catmullrom"
						},
						"1.25": {
							"post": [0, 90, 7.5],
							"lerp_mode": "catmullrom"
						},
						"1.5": {
							"post": [0, 0, 55],
							"lerp_mode": "catmullrom"
						},
						"1.75": {
							"post": [0, 0, 55],
							"lerp_mode": "catmullrom"
						}
					},
					"position": {
						"0.0": {
							"post": [-1, 1, 0],
							"lerp_mode": "catmullrom"
						},
						"0.1667": {
							"post": [-1, 1, 0],
							"lerp_mode": "catmullrom"
						},
						"0.375": {
							"post": [-1, 0, 0],
							"lerp_mode": "catmullrom"
						},
						"1.5": {
							"post": [-1, 1, 0],
							"lerp_mode": "catmullrom"
						},
						"1.75": {
							"post": [-1, 1, 0],
							"lerp_mode": "catmullrom"
						}
					}
				},
				"head": {
					"rotation": {
						"0.0": {
							"post": [-5.04292, -7.4713, 0.6574],
							"lerp_mode": "catmullrom"
						},
						"0.1667": {
							"post": [-5.04292, -7.4713, 0.6574],
							"lerp_mode": "catmullrom"
						},
						"0.375": {
							"post": [22.46463, -17.6244, -0.28849],
							"lerp_mode": "catmullrom"
						},
						"0.5833": {
							"post": ["-18.213998526-math.sin(q.anim_time*90*64)*1.75", 15.09821, -2.65402],
							"lerp_mode": "catmullrom"
						},
						"1.0": {
							"post": ["-18.213998526-math.sin(q.anim_time*90*64)*1.75", 15.09821, -2.65402],
							"lerp_mode": "catmullrom"
						},
						"1.25": {
							"post": ["-18.213998526-math.sin(q.anim_time*90*64)*1.75", 15.09821, -2.65402],
							"lerp_mode": "catmullrom"
						},
						"1.5": {
							"post": [-5.04292, -7.4713, 0.6574],
							"lerp_mode": "catmullrom"
						},
						"1.75": {
							"post": [-5.04292, -7.4713, 0.6574],
							"lerp_mode": "catmullrom"
						}
					},
					"position": {
						"0.0": {
							"post": [0, 0, 0],
							"lerp_mode": "catmullrom"
						},
						"0.1667": {
							"post": [0, 0, 0],
							"lerp_mode": "catmullrom"
						},
						"1.5": {
							"post": [0, 0, 0],
							"lerp_mode": "catmullrom"
						},
						"1.75": {
							"post": [0, 0, 0],
							"lerp_mode": "catmullrom"
						}
					}
				},
				"hair_head1": {
					"rotation": {
						"0.0": [0, 12.5, 0],
						"0.1667": [0, 12.5, 0],
						"0.5833": [0, "12.4999999999+math.sin(q.anim_time*90*35)*8", "0-math.sin(q.anim_time*90*64)*2"],
						"1.0": [0, "12.4999999999+math.sin(q.anim_time*90*35)*8", "0-math.sin(q.anim_time*90*64)*2"],
						"1.25": [0, "12.4999999999+math.sin(q.anim_time*90*35)*8", "0-math.sin(q.anim_time*90*64)*2"],
						"1.75": [0, 12.5, 0]
					},
					"position": {
						"0.0": [1, 0, -2],
						"0.1667": [1, 0, -2],
						"1.75": [1, 0, -2]
					}
				},
				"hair_head2": {
					"rotation": {
						"0.0": [0, -12.5, 0],
						"0.1667": [0, -12.5, 0],
						"0.5833": [0, "-12.5+math.sin(q.anim_time*90*35)*8", "0-math.sin(q.anim_time*90*64)*2"],
						"1.0": [0, "-12.5+math.sin(q.anim_time*90*35)*8", "0-math.sin(q.anim_time*90*64)*2"],
						"1.25": [0, "-12.5+math.sin(q.anim_time*90*35)*8", "0-math.sin(q.anim_time*90*64)*2"],
						"1.75": [0, -12.5, 0]
					},
					"position": {
						"0.0": [-1, 0, -2],
						"0.1667": [-1, 0, -2],
						"1.75": [-1, 0, -2]
					}
				},
				"legs": {
					"position": {
						"0.0": {
							"post": [0, 0, 0],
							"lerp_mode": "catmullrom"
						}
					}
				},
				"smile": {
					"position": {
						"0.0": [0, 0, 0],
						"0.1667": [0, 0, 0],
						"0.5833": {"pre": [0, 0, 0], "post": [0, 0, 1]},
						"1.0": [0, 0, 1],
						"1.25": [0, 0, 1],
						"1.5": {"pre": [0, 0, 1], "post": [0, 0, 0]},
						"1.75": [0, 0, 0]
					}
				},
				"mounch": {
					"position": {
						"0.0": [0, 0, 0],
						"0.1667": [0, 0, 0],
						"0.5833": {"pre": [0, 0, 0], "post": [0, 0, -2]},
						"1.0": [0, 0, -2],
						"1.25": [0, 0, -2],
						"1.5": {"pre": [0, 0, -2], "post": [0, 0, 0]},
						"1.75": [0, 0, 0]
					}
				},
				"body": {
					"rotation": {
						"0.0": {
							"post": [0, 0, 0],
							"lerp_mode": "catmullrom"
						},
						"0.1667": {
							"post": [0, 0, 0],
							"lerp_mode": "catmullrom"
						},
						"0.375": {
							"post": [0, -7.5, 0],
							"lerp_mode": "catmullrom"
						},
						"0.5833": {
							"post": [0, 10, 0],
							"lerp_mode": "catmullrom"
						},
						"1.75": {
							"post": [0, 0, 0],
							"lerp_mode": "catmullrom"
						}
					},
					"position": {
						"0.0": [0, 0, 0],
						"0.1667": [0, 0, 0],
						"0.375": [0, 0, 1],
						"0.5833": [0, 0, -1],
						"1.75": [0, 0, 0]
					}
				},
				"sheet": {
					"position": {
						"0.0": [0, 0, 0],
						"0.1667": [0, 0, 0],
						"0.5833": {"pre": [0, 0, 0], "post": [-2, 0, -1]},
						"1.0": [-2, 0, -1],
						"1.25": [-2, 0, -1],
						"1.5": {"pre": [-2, 0, -1], "post": [0, 0, 0]},
						"1.75": [0, 0, 0]
					}
				}
			}
		},
		"animation.pancham.special": {
			"animation_length": 1.75,
			"bones": {
				"leg1": {
					"rotation": {
						"0.0": {
							"post": [0, 10, 0],
							"lerp_mode": "catmullrom"
						},
						"0.1667": {
							"post": [0, 10, 0],
							"lerp_mode": "catmullrom"
						},
						"0.375": {
							"post": [0, -10, 0],
							"lerp_mode": "catmullrom"
						},
						"0.5833": {
							"post": [0, 5, 0],
							"lerp_mode": "catmullrom"
						},
						"1.0": {
							"post": [0, 5, 0],
							"lerp_mode": "catmullrom"
						},
						"1.25": {
							"post": [0, 5, 0],
							"lerp_mode": "catmullrom"
						},
						"1.5": {
							"post": [0, 10, 0],
							"lerp_mode": "catmullrom"
						},
						"1.75": {
							"post": [0, 10, 0],
							"lerp_mode": "catmullrom"
						}
					},
					"position": {
						"0.0": {
							"post": [0, 0, 0],
							"lerp_mode": "catmullrom"
						},
						"0.1667": {
							"post": [0, 0, 0],
							"lerp_mode": "catmullrom"
						},
						"0.5833": {
							"post": [2, 0, -2],
							"lerp_mode": "catmullrom"
						},
						"1.0": {
							"post": [2, 0, -2],
							"lerp_mode": "catmullrom"
						},
						"1.25": {
							"post": [2, 0, -2],
							"lerp_mode": "catmullrom"
						},
						"1.5": {
							"post": [0, 0, 0],
							"lerp_mode": "catmullrom"
						},
						"1.75": {
							"post": [0, 0, 0],
							"lerp_mode": "catmullrom"
						}
					}
				},
				"leg2": {
					"rotation": {
						"0.0": {
							"post": [0, -30, 0],
							"lerp_mode": "catmullrom"
						},
						"0.1667": {
							"post": [0, -30, 0],
							"lerp_mode": "catmullrom"
						},
						"0.375": {
							"post": [0, -20, 0],
							"lerp_mode": "catmullrom"
						},
						"0.5833": {
							"post": [0, -80, 0],
							"lerp_mode": "catmullrom"
						},
						"1.0": {
							"post": [0, -80, 0],
							"lerp_mode": "catmullrom"
						},
						"1.25": {
							"post": [0, -80, 0],
							"lerp_mode": "catmullrom"
						},
						"1.5": {
							"post": [0, -30, 0],
							"lerp_mode": "catmullrom"
						},
						"1.75": {
							"post": [0, -30, 0],
							"lerp_mode": "catmullrom"
						}
					},
					"position": {
						"0.0": {
							"post": [0, 0, 0],
							"lerp_mode": "catmullrom"
						},
						"0.1667": {
							"post": [0, 0, 0],
							"lerp_mode": "catmullrom"
						},
						"0.375": {
							"post": [0, 0, 0],
							"lerp_mode": "catmullrom"
						},
						"0.5833": {
							"post": [2, 0, 1],
							"lerp_mode": "catmullrom"
						},
						"1.0": {
							"post": [2, 0, 1],
							"lerp_mode": "catmullrom"
						},
						"1.25": {
							"post": [2, 0, 1],
							"lerp_mode": "catmullrom"
						},
						"1.5": {
							"post": [0, 0, 0],
							"lerp_mode": "catmullrom"
						},
						"1.75": {
							"post": [0, 0, 0],
							"lerp_mode": "catmullrom"
						}
					}
				},
				"torso": {
					"rotation": {
						"0.0": {
							"post": [10, -15, 0],
							"lerp_mode": "catmullrom"
						},
						"0.1667": {
							"post": [10, -15, 0],
							"lerp_mode": "catmullrom"
						},
						"0.375": {
							"post": [28.00685, -13.77076, -3.68346],
							"lerp_mode": "catmullrom"
						},
						"0.5833": {
							"post": [8.25756, -42.03256, -4.49249],
							"lerp_mode": "catmullrom"
						},
						"1.0": {
							"post": [8.25756, -42.03256, -4.49249],
							"lerp_mode": "catmullrom"
						},
						"1.25": {
							"post": [8.25756, -42.03256, -4.49249],
							"lerp_mode": "catmullrom"
						},
						"1.5": {
							"post": [10, -15, 0],
							"lerp_mode": "catmullrom"
						},
						"1.75": {
							"post": [10, -15, 0],
							"lerp_mode": "catmullrom"
						}
					},
					"position": {
						"0.0": {
							"post": [0, 0, 2],
							"lerp_mode": "catmullrom"
						},
						"0.1667": {
							"post": [0, 0, 2],
							"lerp_mode": "catmullrom"
						},
						"0.5833": {
							"post": [0, "0-math.sin(q.anim_time*90*64)*0.2", 2],
							"lerp_mode": "catmullrom"
						},
						"1.0": {
							"post": [0, "0-math.sin(q.anim_time*90*64)*0.2", 2],
							"lerp_mode": "catmullrom"
						},
						"1.25": {
							"post": [0, "0-math.sin(q.anim_time*90*64)*0.2", 2],
							"lerp_mode": "catmullrom"
						},
						"1.5": {
							"post": [0, 0, 2],
							"lerp_mode": "catmullrom"
						},
						"1.75": {
							"post": [0, 0, 2],
							"lerp_mode": "catmullrom"
						}
					}
				},
				"hairs_torso": {
					"rotation": [-72.5, 0, 0]
				},
				"hand1": {
					"rotation": {
						"0.0": {
							"post": [2.00307, -14.8687, -55.2614],
							"lerp_mode": "catmullrom"
						},
						"0.1667": {
							"post": [2.00307, -14.8687, -55.2614],
							"lerp_mode": "catmullrom"
						},
						"0.375": {
							"post": [-3.62675, -44.72474, -35.28033],
							"lerp_mode": "catmullrom"
						},
						"0.5833": {
							"post": [-10.47455, -3.25842, -24.37571],
							"lerp_mode": "catmullrom"
						},
						"0.625": {
							"post": [-11.16437, 15.6068, -27.27321],
							"lerp_mode": "catmullrom"
						},
						"1.0": {
							"post": [-10.47455, -3.25842, -24.37571],
							"lerp_mode": "catmullrom"
						},
						"1.25": {
							"post": [-10.47455, -3.25842, -24.37571],
							"lerp_mode": "catmullrom"
						},
						"1.5": {
							"post": [2.00307, -14.8687, -55.2614],
							"lerp_mode": "catmullrom"
						},
						"1.75": {
							"post": [2.00307, -14.8687, -55.2614],
							"lerp_mode": "catmullrom"
						}
					},
					"position": {
						"0.0": {
							"post": [1, 0, 0],
							"lerp_mode": "catmullrom"
						},
						"0.1667": {
							"post": [1, 0, 0],
							"lerp_mode": "catmullrom"
						},
						"0.4583": {
							"post": [1, 0, -1],
							"lerp_mode": "catmullrom"
						},
						"1.5": {
							"post": [1, 0, 0],
							"lerp_mode": "catmullrom"
						},
						"1.75": {
							"post": [1, 0, 0],
							"lerp_mode": "catmullrom"
						}
					}
				},
				"hand_part1": {
					"rotation": {
						"0.0": {
							"post": [15.00046, -31.99975, -26.82396],
							"lerp_mode": "catmullrom"
						},
						"0.1667": {
							"post": [15.00046, -31.99975, -26.82396],
							"lerp_mode": "catmullrom"
						},
						"0.375": {
							"post": [53.45006, -74.14328, -71.12317],
							"lerp_mode": "catmullrom"
						},
						"0.5833": {
							"post": [21.61349, -53.42274, -36.3918],
							"lerp_mode": "catmullrom"
						},
						"1.0": {
							"post": [21.61349, -53.42274, -36.3918],
							"lerp_mode": "catmullrom"
						},
						"1.25": {
							"post": [21.61349, -53.42274, -36.3918],
							"lerp_mode": "catmullrom"
						},
						"1.5": {
							"post": [15.00046, -31.99975, -26.82396],
							"lerp_mode": "catmullrom"
						},
						"1.75": {
							"post": [15.00046, -31.99975, -26.82396],
							"lerp_mode": "catmullrom"
						}
					},
					"position": {
						"0.0": {
							"post": [1, 0.5, 1],
							"lerp_mode": "catmullrom"
						},
						"0.1667": {
							"post": [1, 0.5, 1],
							"lerp_mode": "catmullrom"
						},
						"1.5": {
							"post": [1, 0.5, 1],
							"lerp_mode": "catmullrom"
						},
						"1.75": {
							"post": [1, 0.5, 1],
							"lerp_mode": "catmullrom"
						}
					}
				},
				"hand2": {
					"rotation": {
						"0.0": {
							"post": [0, 32.5, 50],
							"lerp_mode": "catmullrom"
						},
						"0.1667": {
							"post": [0, 32.5, 50],
							"lerp_mode": "catmullrom"
						},
						"0.375": {
							"post": [11.15623, 28.27407, 42.93846],
							"lerp_mode": "catmullrom"
						},
						"0.5833": {
							"post": [33.3055, -56.46179, 11.75329],
							"lerp_mode": "catmullrom"
						},
						"0.625": {
							"post": [43.37868, -65.76144, 0.19504],
							"lerp_mode": "catmullrom"
						},
						"1.0": {
							"post": [33.3055, -56.46179, 11.75329],
							"lerp_mode": "catmullrom"
						},
						"1.25": {
							"post": [33.3055, -56.46179, 11.75329],
							"lerp_mode": "catmullrom"
						},
						"1.5": {
							"post": [0, 32.5, 50],
							"lerp_mode": "catmullrom"
						},
						"1.75": {
							"post": [0, 32.5, 50],
							"lerp_mode": "catmullrom"
						}
					},
					"position": {
						"0.0": {
							"post": [-1, 0, 1],
							"lerp_mode": "catmullrom"
						},
						"0.1667": {
							"post": [-1, 0, 1],
							"lerp_mode": "catmullrom"
						},
						"0.4583": {
							"post": [-1, 0, 2],
							"lerp_mode": "catmullrom"
						},
						"1.5": {
							"post": [-1, 0, 1],
							"lerp_mode": "catmullrom"
						},
						"1.75": {
							"post": [-1, 0, 1],
							"lerp_mode": "catmullrom"
						}
					}
				},
				"hand_part2": {
					"rotation": {
						"0.0": {
							"post": [0, 0, 55],
							"lerp_mode": "catmullrom"
						},
						"0.1667": {
							"post": [0, 0, 55],
							"lerp_mode": "catmullrom"
						},
						"0.375": {
							"post": [0, 70, 7.5],
							"lerp_mode": "catmullrom"
						},
						"0.5833": {
							"post": [0, 90, 7.5],
							"lerp_mode": "catmullrom"
						},
						"1.0": {
							"post": [0, 90, 7.5],
							"lerp_mode": "catmullrom"
						},
						"1.25": {
							"post": [0, 90, 7.5],
							"lerp_mode": "catmullrom"
						},
						"1.5": {
							"post": [0, 0, 55],
							"lerp_mode": "catmullrom"
						},
						"1.75": {
							"post": [0, 0, 55],
							"lerp_mode": "catmullrom"
						}
					},
					"position": {
						"0.0": {
							"post": [-1, 1, 0],
							"lerp_mode": "catmullrom"
						},
						"0.1667": {
							"post": [-1, 1, 0],
							"lerp_mode": "catmullrom"
						},
						"0.375": {
							"post": [-1, 0, 0],
							"lerp_mode": "catmullrom"
						},
						"1.5": {
							"post": [-1, 1, 0],
							"lerp_mode": "catmullrom"
						},
						"1.75": {
							"post": [-1, 1, 0],
							"lerp_mode": "catmullrom"
						}
					}
				},
				"head": {
					"rotation": {
						"0.0": {
							"post": [-5.04292, -7.4713, 0.6574],
							"lerp_mode": "catmullrom"
						},
						"0.1667": {
							"post": [-5.04292, -7.4713, 0.6574],
							"lerp_mode": "catmullrom"
						},
						"0.375": {
							"post": [22.46463, -17.6244, -0.28849],
							"lerp_mode": "catmullrom"
						},
						"0.5833": {
							"post": ["-18.213998526-math.sin(q.anim_time*90*64)*1.75", 15.09821, -2.65402],
							"lerp_mode": "catmullrom"
						},
						"1.0": {
							"post": ["-18.213998526-math.sin(q.anim_time*90*64)*1.75", 15.09821, -2.65402],
							"lerp_mode": "catmullrom"
						},
						"1.25": {
							"post": ["-18.213998526-math.sin(q.anim_time*90*64)*1.75", 15.09821, -2.65402],
							"lerp_mode": "catmullrom"
						},
						"1.5": {
							"post": [-5.04292, -7.4713, 0.6574],
							"lerp_mode": "catmullrom"
						},
						"1.75": {
							"post": [-5.04292, -7.4713, 0.6574],
							"lerp_mode": "catmullrom"
						}
					},
					"position": {
						"0.0": {
							"post": [0, 0, 0],
							"lerp_mode": "catmullrom"
						},
						"0.1667": {
							"post": [0, 0, 0],
							"lerp_mode": "catmullrom"
						},
						"1.5": {
							"post": [0, 0, 0],
							"lerp_mode": "catmullrom"
						},
						"1.75": {
							"post": [0, 0, 0],
							"lerp_mode": "catmullrom"
						}
					}
				},
				"hair_head1": {
					"rotation": {
						"0.0": [0, 12.5, 0],
						"0.1667": [0, 12.5, 0],
						"0.5833": [0, "12.4999999999+math.sin(q.anim_time*90*35)*8", "0-math.sin(q.anim_time*90*64)*2"],
						"1.0": [0, "12.4999999999+math.sin(q.anim_time*90*35)*8", "0-math.sin(q.anim_time*90*64)*2"],
						"1.25": [0, "12.4999999999+math.sin(q.anim_time*90*35)*8", "0-math.sin(q.anim_time*90*64)*2"],
						"1.75": [0, 12.5, 0]
					},
					"position": {
						"0.0": [1, 0, -2],
						"0.1667": [1, 0, -2],
						"1.75": [1, 0, -2]
					}
				},
				"hair_head2": {
					"rotation": {
						"0.0": [0, -12.5, 0],
						"0.1667": [0, -12.5, 0],
						"0.5833": [0, "-12.5+math.sin(q.anim_time*90*35)*8", "0-math.sin(q.anim_time*90*64)*2"],
						"1.0": [0, "-12.5+math.sin(q.anim_time*90*35)*8", "0-math.sin(q.anim_time*90*64)*2"],
						"1.25": [0, "-12.5+math.sin(q.anim_time*90*35)*8", "0-math.sin(q.anim_time*90*64)*2"],
						"1.75": [0, -12.5, 0]
					},
					"position": {
						"0.0": [-1, 0, -2],
						"0.1667": [-1, 0, -2],
						"1.75": [-1, 0, -2]
					}
				},
				"legs": {
					"position": {
						"0.0": {
							"post": [0, 0, 0],
							"lerp_mode": "catmullrom"
						}
					}
				},
				"smile": {
					"position": {
						"0.0": [0, 0, 0],
						"0.1667": {
							"pre": [0, 0, 0],
							"post": [0, 0, 0]
						},
						"0.5833": {
							"pre": [0, 0, 0],
							"post": [0, 0, 1]
						},
						"1.0": {
							"pre": [0, 0, 1],
							"post": [0, 0, 1]
						},
						"1.25": {
							"pre": [0, 0, 1],
							"post": [0, 0, 1]
						},
						"1.5": {
							"pre": [0, 0, 1],
							"post": [0, 0, 0]
						},
						"1.75": {
							"pre": [0, 0, 0],
							"post": [0, 0, 0]
						}
					}
				},
				"mounch": {
					"position": {
						"0.0": [0, 0, 0],
						"0.1667": {
							"pre": [0, 0, 0],
							"post": [0, 0, 0]
						},
						"0.5833": {
							"pre": [0, 0, 0],
							"post": [0, 0, -2]
						},
						"1.0": {
							"pre": [0, 0, -2],
							"post": [0, 0, -2]
						},
						"1.25": {
							"pre": [0, 0, -2],
							"post": [0, 0, -2]
						},
						"1.5": {
							"pre": [0, 0, -2],
							"post": [0, 0, 0]
						},
						"1.75": {
							"pre": [0, 0, 0],
							"post": [0, 0, 0]
						}
					}
				},
				"body": {
					"rotation": {
						"0.0": {
							"post": [0, 0, 0],
							"lerp_mode": "catmullrom"
						},
						"0.1667": {
							"post": [0, 0, 0],
							"lerp_mode": "catmullrom"
						},
						"0.375": {
							"post": [0, -7.5, 0],
							"lerp_mode": "catmullrom"
						},
						"0.5833": {
							"post": [0, 10, 0],
							"lerp_mode": "catmullrom"
						},
						"1.75": {
							"post": [0, 0, 0],
							"lerp_mode": "catmullrom"
						}
					},
					"position": {
						"0.0": [0, 0, 0],
						"0.1667": [0, 0, 0],
						"0.375": [0, 0, 1],
						"0.5833": [0, 0, -1],
						"1.75": [0, 0, 0]
					}
				},
				"sheet": {
					"position": {
						"0.0": [0, 0, 0],
						"0.1667": {
							"pre": [0, 0, 0],
							"post": [0, 0, 0]
						},
						"0.5833": {
							"pre": [0, 0, 0],
							"post": [-2, 0, -1]
						},
						"1.0": {
							"pre": [-2, 0, -1],
							"post": [-2, 0, -1]
						},
						"1.25": {
							"pre": [-2, 0, -1],
							"post": [-2, 0, -1]
						},
						"1.5": {
							"pre": [-2, 0, -1],
							"post": [0, 0, 0]
						},
						"1.75": {
							"pre": [0, 0, 0],
							"post": [0, 0, 0]
						}
					}
				}
			}
		},
		"animation.pancham.physical": {
			"animation_length": 1.75,
			"bones": {
				"leg1": {
					"rotation": {
						"0.0": {
							"post": [0, 10, 0],
							"lerp_mode": "catmullrom"
						},
						"0.1667": {
							"post": [0, 10, 0],
							"lerp_mode": "catmullrom"
						},
						"0.5833": {
							"post": [0, 12.5, 0],
							"lerp_mode": "catmullrom"
						},
						"0.75": {
							"post": [2.74715, 12.19908, 12.79362],
							"lerp_mode": "catmullrom"
						},
						"0.8333": [2.74715, 12.19908, 12.79362],
						"0.9583": {
							"pre": [-47.36096, -40.83104, 7.35554],
							"post": [-47.36096, -40.83104, 7.35554],
							"lerp_mode": "catmullrom"
						},
						"1.25": {
							"post": [0, 10, 0],
							"lerp_mode": "catmullrom"
						},
						"1.5": {
							"post": [0, 10, 0],
							"lerp_mode": "catmullrom"
						}
					},
					"position": {
						"0.0": {
							"post": [0, 0, 0],
							"lerp_mode": "catmullrom"
						},
						"0.1667": {
							"post": [0, 0, 0],
							"lerp_mode": "catmullrom"
						},
						"0.5833": {
							"post": [0.30741, 0, 0.43288],
							"lerp_mode": "catmullrom"
						},
						"0.75": {
							"post": [0.03, 1.28, -1.15],
							"lerp_mode": "catmullrom"
						},
						"0.8333": [2.6, 2.01, -2.21],
						"0.9583": {
							"pre": [3.77454, 2.62967, -0.88361],
							"post": [3.77454, 2.62967, -0.88361],
							"lerp_mode": "catmullrom"
						},
						"1.25": {
							"post": [0, 0, 0],
							"lerp_mode": "catmullrom"
						},
						"1.5": {
							"post": [0, 0, 0],
							"lerp_mode": "catmullrom"
						}
					}
				},
				"leg2": {
					"rotation": {
						"0.0": {
							"post": [0, -30, 0],
							"lerp_mode": "catmullrom"
						},
						"0.1667": {
							"post": [0, -30, 0],
							"lerp_mode": "catmullrom"
						},
						"0.5833": {
							"post": [0, -12.5, 0],
							"lerp_mode": "catmullrom"
						},
						"0.75": {
							"post": [18.80378, -24.38325, -4.09776],
							"lerp_mode": "catmullrom"
						},
						"0.8333": [23.69343, -43.06506, -12.77672],
						"0.9583": {
							"pre": [-27.25542, -54.79225, -19.36332],
							"post": [-27.25542, -54.79225, -19.36332],
							"lerp_mode": "catmullrom"
						},
						"1.25": {
							"post": [0, -30, 0],
							"lerp_mode": "catmullrom"
						},
						"1.5": {
							"post": [0, -30, 0],
							"lerp_mode": "catmullrom"
						}
					},
					"position": {
						"0.0": {
							"post": [0, 0, 0],
							"lerp_mode": "catmullrom"
						},
						"0.1667": {
							"post": [0, 0, 0],
							"lerp_mode": "catmullrom"
						},
						"0.5833": {
							"post": [0.67932, -0.5, 1.08111],
							"lerp_mode": "catmullrom"
						},
						"0.75": {
							"post": [0.03543, -0.60295, 4.8616],
							"lerp_mode": "catmullrom"
						},
						"0.8333": [-0.67249, -0.76157, 4.17717],
						"0.9583": {
							"pre": [5.61399, 1.39157, -0.59461],
							"post": [5.61399, 1.39157, -0.59461],
							"lerp_mode": "catmullrom"
						},
						"1.25": {
							"post": [0, 0, 0],
							"lerp_mode": "catmullrom"
						},
						"1.5": {
							"post": [0, 0, 0],
							"lerp_mode": "catmullrom"
						}
					}
				},
				"torso": {
					"rotation": {
						"0.0": {
							"post": [10, -15, 0],
							"lerp_mode": "catmullrom"
						},
						"0.1667": {
							"post": [10, -15, 0],
							"lerp_mode": "catmullrom"
						},
						"0.3333": {
							"post": [7.01442, 10.03244, 3.23579],
							"lerp_mode": "catmullrom"
						},
						"0.5833": {
							"post": [24.57184, -7.73313, 1.95135],
							"lerp_mode": "catmullrom"
						},
						"0.75": {
							"post": [-8.56897, -7.01534, 6.94089],
							"lerp_mode": "catmullrom"
						},
						"0.875": [-18.06771, -45.78154, 18.53734],
						"0.9583": [-13.67895, -51.29184, 16.64027],
						"1.25": {
							"pre": [10, -15, 0],
							"post": [10, -15, 0],
							"lerp_mode": "catmullrom"
						},
						"1.5": {
							"post": [10, -15, 0],
							"lerp_mode": "catmullrom"
						}
					},
					"position": {
						"0.0": {
							"post": [0, 0, 2],
							"lerp_mode": "catmullrom"
						},
						"0.1667": {
							"post": [0, 0, 2],
							"lerp_mode": "catmullrom"
						},
						"1.25": {
							"post": [0, 0, 2],
							"lerp_mode": "catmullrom"
						},
						"1.5": {
							"post": [0, 0, 2],
							"lerp_mode": "catmullrom"
						}
					}
				},
				"hairs_torso": {
					"rotation": [-72.5, 0, 0]
				},
				"hand1": {
					"rotation": {
						"0.0": {
							"post": [2.00307, -14.8687, -55.2614],
							"lerp_mode": "catmullrom"
						},
						"0.1667": {
							"post": [2.00307, -14.8687, -55.2614],
							"lerp_mode": "catmullrom"
						},
						"0.375": {
							"post": [1.96508, -9.87169, -55.08423],
							"lerp_mode": "catmullrom"
						},
						"0.5833": {
							"post": [14.79608, 43.16601, -35.56212],
							"lerp_mode": "catmullrom"
						},
						"0.75": {
							"post": [-58.00728, 18.97424, 19.93716],
							"lerp_mode": "catmullrom"
						},
						"0.7917": [-0.53385, -26.02409, 20.33634],
						"1.0417": {
							"pre": [5.08973, -36.57887, -14.35283],
							"post": [5.08973, -36.57887, -14.35283],
							"lerp_mode": "catmullrom"
						},
						"1.25": {
							"post": [2.00307, -14.8687, -55.2614],
							"lerp_mode": "catmullrom"
						},
						"1.5": {
							"post": [2.00307, -14.8687, -55.2614],
							"lerp_mode": "catmullrom"
						}
					},
					"position": {
						"0.0": {
							"post": [1, 0, 0],
							"lerp_mode": "catmullrom"
						},
						"0.1667": {
							"post": [1, 0, 0],
							"lerp_mode": "catmullrom"
						},
						"0.75": {
							"post": [0, 0, 0],
							"lerp_mode": "catmullrom"
						},
						"0.7917": [0.98664, 0.02482, -2.23589],
						"1.25": {
							"pre": [1, 0, 0],
							"post": [1, 0, 0],
							"lerp_mode": "catmullrom"
						},
						"1.5": {
							"post": [1, 0, 0],
							"lerp_mode": "catmullrom"
						}
					}
				},
				"hand_part1": {
					"rotation": {
						"0.0": {
							"post": [15.00046, -31.99975, -26.82396],
							"lerp_mode": "catmullrom"
						},
						"0.1667": {
							"post": [15.00046, -31.99975, -26.82396],
							"lerp_mode": "catmullrom"
						},
						"0.5": {
							"post": [15.42998, -34.41216, -27.60807],
							"lerp_mode": "catmullrom"
						},
						"0.75": {
							"post": [22.94645, -55.73631, -38.02713],
							"lerp_mode": "catmullrom"
						},
						"0.7917": [37.42004, -68.82471, -54.24828],
						"1.0417": {
							"pre": [43.86617, -65.74122, -61.09968],
							"post": [43.86617, -65.74122, -61.09968],
							"lerp_mode": "catmullrom"
						},
						"1.25": {
							"post": [15.00046, -31.99975, -26.82396],
							"lerp_mode": "catmullrom"
						},
						"1.5": {
							"post": [15.00046, -31.99975, -26.82396],
							"lerp_mode": "catmullrom"
						}
					},
					"position": {
						"0.0": {
							"post": [1, 0.5, 1],
							"lerp_mode": "catmullrom"
						},
						"0.1667": {
							"post": [1, 0.5, 1],
							"lerp_mode": "catmullrom"
						},
						"1.25": {
							"post": [1, 0.5, 1],
							"lerp_mode": "catmullrom"
						},
						"1.5": {
							"post": [1, 0.5, 1],
							"lerp_mode": "catmullrom"
						}
					}
				},
				"hand2": {
					"rotation": {
						"0.0": {
							"post": [0, 32.5, 50],
							"lerp_mode": "catmullrom"
						},
						"0.1667": {
							"post": [0, 32.5, 50],
							"lerp_mode": "catmullrom"
						},
						"0.375": {
							"post": [0, 17.5, 50],
							"lerp_mode": "catmullrom"
						},
						"0.5833": {
							"post": [14.79608, -43.16601, 35.56212],
							"lerp_mode": "catmullrom"
						},
						"0.75": {
							"post": [10.80563, -6.51438, 44.56451],
							"lerp_mode": "catmullrom"
						},
						"0.7917": [12.77507, -37.57615, 37.86151],
						"1.25": {
							"pre": [0, 32.5, 50],
							"post": [0, 32.5, 50],
							"lerp_mode": "catmullrom"
						},
						"1.5": {
							"post": [0, 32.5, 50],
							"lerp_mode": "catmullrom"
						}
					},
					"position": {
						"0.0": {
							"post": [-1, 0, 1],
							"lerp_mode": "catmullrom"
						},
						"0.1667": {
							"post": [-1, 0, 1],
							"lerp_mode": "catmullrom"
						},
						"1.25": {
							"post": [-1, 0, 1],
							"lerp_mode": "catmullrom"
						},
						"1.5": {
							"post": [-1, 0, 1],
							"lerp_mode": "catmullrom"
						}
					}
				},
				"hand_part2": {
					"rotation": {
						"0.0": {
							"post": [0, 0, 55],
							"lerp_mode": "catmullrom"
						},
						"0.1667": {
							"post": [0, 0, 55],
							"lerp_mode": "catmullrom"
						},
						"0.375": {
							"post": [0, 7.5, 55],
							"lerp_mode": "catmullrom"
						},
						"0.5833": {
							"post": [-4.83711, 5.73853, 14.75742],
							"lerp_mode": "catmullrom"
						},
						"0.75": {
							"post": [-7.20777, 48.03299, 9.87037],
							"lerp_mode": "catmullrom"
						},
						"0.7917": [-12.02528, 66.79177, 6.02174],
						"1.25": {
							"pre": [0, 0, 55],
							"post": [0, 0, 55],
							"lerp_mode": "catmullrom"
						},
						"1.5": {
							"post": [0, 0, 55],
							"lerp_mode": "catmullrom"
						}
					},
					"position": {
						"0.0": {
							"post": [-1, 1, 0],
							"lerp_mode": "catmullrom"
						},
						"0.1667": {
							"post": [-1, 1, 0],
							"lerp_mode": "catmullrom"
						},
						"0.5833": {
							"post": [-1.26197, 0.03858, -0.0839],
							"lerp_mode": "catmullrom"
						},
						"1.25": {
							"post": [-1, 1, 0],
							"lerp_mode": "catmullrom"
						},
						"1.5": {
							"post": [-1, 1, 0],
							"lerp_mode": "catmullrom"
						}
					}
				},
				"head": {
					"rotation": {
						"0.0": {
							"post": [-5.04292, -7.4713, 0.6574],
							"lerp_mode": "catmullrom"
						},
						"0.1667": {
							"post": [-5.04292, -7.4713, 0.6574],
							"lerp_mode": "catmullrom"
						},
						"0.375": {
							"post": [2.37924, -12.45167, 1.10693],
							"lerp_mode": "catmullrom"
						},
						"0.5833": {
							"post": [32.3058, -1.69051, -0.94922],
							"lerp_mode": "catmullrom"
						},
						"0.75": {
							"post": [1.97733, -2.06515, 9.04916],
							"lerp_mode": "catmullrom"
						},
						"0.8333": [6.46658, -27.36324, -2.98598],
						"0.9167": {
							"pre": [9.60297, -9.46172, 7.80067],
							"post": [9.60297, -9.46172, 7.80067],
							"lerp_mode": "catmullrom"
						},
						"1.25": {
							"post": [-5.04292, -7.4713, 0.6574],
							"lerp_mode": "catmullrom"
						},
						"1.5": {
							"post": [-5.04292, -7.4713, 0.6574],
							"lerp_mode": "catmullrom"
						}
					},
					"position": {
						"0.0": {
							"post": [0, 0, 0],
							"lerp_mode": "catmullrom"
						},
						"0.1667": {
							"post": [0, 0, 0],
							"lerp_mode": "catmullrom"
						},
						"1.25": {
							"post": [0, 0, 0],
							"lerp_mode": "catmullrom"
						},
						"1.5": {
							"post": [0, 0, 0],
							"lerp_mode": "catmullrom"
						}
					}
				},
				"hair_head1": {
					"rotation": [0, 12.5, 0],
					"position": [1, 0, -2]
				},
				"hair_head2": {
					"rotation": [0, -12.5, 0],
					"position": [-1, 0, -2]
				},
				"legs": {
					"position": {
						"0.0": {
							"post": [0, 0, 0],
							"lerp_mode": "catmullrom"
						}
					}
				},
				"smile": {
					"position": {
						"0.0": [0, 0, 0],
						"0.1667": [0, 0, 0],
						"0.75": {
							"pre": [0, 0, 0],
							"post": [0, 0, 1]
						},
						"1.25": {
							"pre": [0, 0, 1],
							"post": [0, 0, 0]
						},
						"1.5": [0, 0, 0]
					}
				},
				"mounch": {
					"position": {
						"0.0": [0, 0, 0],
						"0.1667": [0, 0, 0],
						"0.75": {
							"pre": [0, 0, 0],
							"post": [0, 0, -2]
						},
						"1.25": {
							"pre": [0, 0, -2],
							"post": [0, 0, 0]
						},
						"1.5": [0, 0, 0]
					}
				},
				"body": {
					"rotation": {
						"0.0": {
							"post": [0, 0, 0],
							"lerp_mode": "catmullrom"
						},
						"0.2083": {
							"post": [0, 0, 0],
							"lerp_mode": "catmullrom"
						},
						"0.5417": {
							"post": [0, 20.77, 0],
							"lerp_mode": "catmullrom"
						},
						"0.75": {
							"post": [0, 17.5, 0],
							"lerp_mode": "catmullrom"
						},
						"0.8333": {
							"post": [0, -12.5, 0],
							"lerp_mode": "catmullrom"
						},
						"1.0417": [0, 2.5, 0],
						"1.25": {
							"pre": [0, 0, 0],
							"post": [0, 0, 0],
							"lerp_mode": "catmullrom"
						},
						"1.5": {
							"post": [0, 0, 0],
							"lerp_mode": "catmullrom"
						}
					},
					"position": {
						"0.0": {
							"post": [0, 0, 0],
							"lerp_mode": "catmullrom"
						},
						"0.2083": {
							"post": [0, 0, 0],
							"lerp_mode": "catmullrom"
						},
						"0.5833": {
							"post": [1.12781, 0, 2.77994],
							"lerp_mode": "catmullrom"
						},
						"0.75": {
							"post": [-0.90212, 9, -2.86115],
							"lerp_mode": "catmullrom"
						},
						"0.7917": {
							"post": [-0.0711, 8, -2.4],
							"lerp_mode": "catmullrom"
						},
						"0.8333": {
							"post": [0, 7, -2.6],
							"lerp_mode": "catmullrom"
						},
						"0.875": [0, 6, -2.8],
						"0.9167": [0, 5, -2],
						"0.9583": [0, -1.38, -0.95],
						"1.3333": {
							"pre": [0, 0, 0],
							"post": [0, 0, 0],
							"lerp_mode": "catmullrom"
						},
						"1.5": {
							"post": [0, 0, 0],
							"lerp_mode": "catmullrom"
						}
					}
				},
				"sheet": {
					"position": {
						"0.0": [0, 0, 0],
						"0.1667": [0, 0, 0],
						"0.75": {
							"pre": [0, 0, 0],
							"post": [-1, 0, -1]
						},
						"1.25": {
							"pre": [-1, 0, -1],
							"post": [0, 0, 0]
						},
						"1.5": [0, 0, 0]
					}
				}
			}
		},
		"animation.pancham.recoil": {
			"animation_length": 0.7083,
			"bones": {
				"torso": {
					"rotation": {
						"0.0": {
							"post": [0, 0, 0],
							"lerp_mode": "catmullrom"
						},
						"0.0417": {
							"post": [-3.49, 0, 0],
							"lerp_mode": "catmullrom"
						},
						"0.7083": {
							"post": [0, 0, 0],
							"lerp_mode": "catmullrom"
						}
					},
					"position": {
						"0.0": {
							"post": [0, 0, 0],
							"lerp_mode": "catmullrom"
						},
						"0.7083": {
							"post": [0, 0, 0],
							"lerp_mode": "catmullrom"
						}
					}
				},
				"hand1": {
					"rotation": {
						"0.0": [0, 0, 0],
						"0.0833": [0, 17.5, 0],
						"0.7083": [0, 0, 0]
					}
				},
				"hand2": {
					"rotation": {
						"0.0": [0, 0, 0],
						"0.0833": [0, -17.5, 0],
						"0.7083": [0, 0, 0]
					}
				},
				"head": {
					"rotation": {
						"0.0": {
							"post": [0, 0, 0],
							"lerp_mode": "catmullrom"
						},
						"0.0417": {
							"post": [-5.19, 0, 0],
							"lerp_mode": "catmullrom"
						},
						"0.7083": {
							"post": [0, 0, 0],
							"lerp_mode": "catmullrom"
						}
					}
				},
				"eyes": {
					"position": {
						"0.0": [0, 0, 0],
						"0.25": [0, 0, 1],
						"0.7083": [0, 0, 0]
					}
				},
				"ceja1": {
					"position": {
						"0.0": [0, 0, 0],
						"0.25": [0, 0, -1],
						"0.7083": [0, 0, 0]
					}
				},
				"ceja2": {
					"position": {
						"0.0": [0, 0, 0],
						"0.25": [0, 0, -1],
						"0.7083": [0, 0, 0]
					}
				}
			}
		},
		"animation.pancham.cry": {
			"animation_length": 1,
			"bones": {
				"torso": {
					"rotation": {
						"0.0": {
							"post": [0, 0, 0],
							"lerp_mode": "catmullrom"
						},
						"0.25": {
							"post": [-5, 0, 0],
							"lerp_mode": "catmullrom"
						},
						"0.375": {
							"post": [-2.5, 0, 0],
							"lerp_mode": "catmullrom"
						},
						"0.4583": {
							"post": [-5, 0, 0],
							"lerp_mode": "catmullrom"
						},
						"0.5417": {
							"post": [0, 0, 0],
							"lerp_mode": "catmullrom"
						},
						"0.6667": {
							"post": [0, 0, 0],
							"lerp_mode": "catmullrom"
						}
					}
				},
				"head": {
					"rotation": {
						"0.0": {
							"post": [0, 0, 0],
							"lerp_mode": "catmullrom"
						},
						"0.25": {
							"post": [-7.5, 0, 0],
							"lerp_mode": "catmullrom"
						},
						"0.375": {
							"post": [-5, 0, 0],
							"lerp_mode": "catmullrom"
						},
						"0.4583": {
							"post": [-7.5, 0, 0],
							"lerp_mode": "catmullrom"
						},
						"0.5417": {
							"post": [-5, 0, 0],
							"lerp_mode": "catmullrom"
						},
						"0.6667": {
							"post": [0, 0, 0],
							"lerp_mode": "catmullrom"
						}
					}
				},
				"smile": {
					"position": {
						"0.0": [0, 0, 0],
						"0.25": {
							"pre": [0, 0, 0],
							"post": [0, 0, 4]
						},
						"0.6667": {
							"pre": [0, 0, 4],
							"post": [0, 0, 0]
						}
					}
				},
				"mounch": {
					"position": {
						"0.0": [0, 0, 0],
						"0.25": {
							"pre": [0, 0, 0],
							"post": [0, 0, -5]
						},
						"0.6667": {
							"pre": [0, 0, -5],
							"post": [0, 0, 0]
						}
					}
				}
			},
			"sound_effects": {
				"0.25": {
					"effect": "pokemon.pancham.cry"
				}
			}
		},
		"animation.pancham.sleep": {
			"loop": true,
			"bones": {
				"legs": {
					"rotation": [-72.5, 0, 0],
					"position": [0, 0, -5]
				},
				"leg1": {
					"rotation": [0, 0, 7.5]
				},
				"leg2": {
					"rotation": [0, 0, -7.5]
				},
				"torso": {
					"rotation": ["-27.5+math.sin(q.anim_time*90*2-90)*1", 0, "math.sin(q.anim_time*90*1-60)*2"],
					"position": [0, -5, 0]
				},
				"hand1": {
					"rotation": [-9.36302, -31.26463, -32.37472],
					"position": [1, 1, 0]
				},
				"hand_part1": {
					"rotation": [0, -27.5, -57.5]
				},
				"hand2": {
					"rotation": [-9.36302, 31.26463, 32.37472],
					"position": [-1, 1, 0]
				},
				"hand_part2": {
					"rotation": [0, 27.5, 57.5]
				},
				"head": {
					"rotation": ["-5+math.sin(q.anim_time*90*2-60)*2", 0, 0]
				},
				"eye1": {
					"position": [0, 0, 1]
				},
				"ceja1": {
					"position": [0, 0, -1]
				},
				"eye2": {
					"position": [0, 0, 1]
				},
				"ceja2": {
					"position": [0, 0, -1]
				},
				"body": {
					"position": [0, 0, 0]
				}
			}
		},
		"animation.pancham.disintrested": {
			"loop": true,
			"bones": {
				"ceja1": {
					"rotation": [0, 0, -10],
					"position": [1.1, 0.2, 0]
				},
				"ceja2": {
					"rotation": [0, 0, 10],
					"position": [-1.1, 0.2, 0]
				},
				"eye1": {
					"rotation": [0, 0, -10],
					"position": [1, 0.5, 0]
				},
				"eye2": {
					"rotation": [0, 0, 10],
					"position": [-1, 0.5, 0]
				}
			}
		}
	}
}