{
  "species": "cobblemon:croagunk",
  "order": 2,
  "variations": [
    {
      "aspects": [],
      "poser": "cobblemon:croagunk",
      "model": "cobblemon:croagunk.geo",
      "texture": "cobblemon:textures/pokemon/0453_croagunk/croagunk.png",
      "layers": []
    },
    {
      "aspects": [ "female" ],
      "poser": "cobblemon:croagunk",
      "model": "cobblemon:croagunk.geo",
      "texture": "cobblemon:textures/pokemon/0453_croagunk/croagunk.png",
      "layers": []
    },
    {
      "aspects": [ "shiny" ],
      "texture": "cobblemon:textures/pokemon/0453_croagunk/croagunk_shiny.png"
    }
  ]
}