{
  "portraitScale": 1.5,
  "portraitTranslation": [-0.5, 0.5, 0],
  "profileScale": 0.7,
  "profileTranslation": [0, 0.5, 0.0],
  "rootBone": "exploud",
  "animations": {
    "cry": "q.bedrock_stateful('exploud', 'cry')",
    "special": "q.bedrock_primary('exploud', 'special', q.curve('symmetrical_wide'))",
    "status": "q.bedrock_primary('exploud', 'status', q.curve('symmetrical_wide'))",
    "recoil": "q.bedrock_stateful('exploud', 'recoil')"
  },
  "poses": {
    "battle-standing": {
      "poseTypes": ["STAND"],
      "isBattle": true,
      "animations": ["q.look('head_ai')", "q.bedrock('exploud', 'ground_idle')"],
      "quirks": []
    },
    "standing": {
      "poseTypes": ["STAND", "NONE", "PORTRAIT", "PROFILE"],
      "isBattle": false,
      "animations": ["q.look('head_ai')", "q.bedrock('exploud', 'ground_idle')"],
      "quirks": ["q.bedrock_quirk('exploud', 'quirk')"]
    },
    "walking": {
      "poseTypes": ["WALK"],
      "animations": ["q.look('head_ai')", "q.bedrock('exploud', 'ground_walk')"],
      "quirks": []
    },
    "sleep": {
      "poseTypes": ["SLEEP"],
      "animations": ["q.bedrock('exploud', 'sleep')"]
    },
    "float": {
      "poseTypes": ["FLOAT"],
      "animations": [
        "q.look('head_ai')",
        "q.bedrock('exploud', 'surfacewater_idle')"
      ],
      "quirks": ["q.bedrock_quirk('exploud', 'quirk')"]
    }
  }
}
