{
  "portraitScale": 1.73,
  "portraitTranslation": [-0.21, 1.88, 0],
  "profileScale": 0.57,
  "profileTranslation": [0, 0.96, 0],
  "rootBone": "swanna",
  "animations": {},
  "poses": {
    "standing": {
      "poseTypes": ["STAND", "NONE", "PORTRAIT", "PROFILE"],
      "isBattle": false,
      "animations": ["q.look('head')", "q.bedrock('swanna', 'ground_idle')"],
      "quirks": ["q.bedrock_quirk('swanna', 'blink')"],
      "transformedParts": [
        {
          "part": "wing_open_right",
          "isVisible": false
        },
        {
          "part": "wing_open_left",
          "isVisible": false
        },
        {
          "part": "wing_closed_right",
          "isVisible": true
        },
        {
          "part": "wing_closed_left",
          "isVisible": true
        },
        {
          "part": "wing_pose_right",
          "isVisible": false
        },
        {
          "part": "wing_pose_left",
          "isVisible": false
        }
      ]
    },
    "walking": {
      "poseTypes": ["WALK"],
      "animations": [
        "q.look('head')",
        "q.bedrock('swanna', 'ground_walk')"
      ],
      "quirks": ["q.bedrock_quirk('swanna', 'blink')"],
      "transformedParts": [
        {
          "part": "wing_open_right",
          "isVisible": false
        },
        {
          "part": "wing_open_left",
          "isVisible": false
        },
        {
          "part": "wing_closed_right",
          "isVisible": true
        },
        {
          "part": "wing_closed_left",
          "isVisible": true
        },
        {
          "part": "wing_pose_right",
          "isVisible": false
        },
        {
          "part": "wing_pose_left",
          "isVisible": false
        }
      ]
    },
    "hover": {
      "poseTypes": ["HOVER"],
      "isBattle": false,
      "animations": ["q.look('head_ai')", "q.bedrock('swanna', 'air_idle')"],
      "quirks": ["q.bedrock_quirk('swanna', 'blink')"],
      "transformedParts": [
        {
          "part": "wing_open_right",
          "isVisible": true
        },
        {
          "part": "wing_open_left",
          "isVisible": true
        },
        {
          "part": "wing_closed_right",
          "isVisible": false
        },
        {
          "part": "wing_closed_left",
          "isVisible": false
        },
        {
          "part": "wing_pose_right",
          "isVisible": false
        },
        {
          "part": "wing_pose_left",
          "isVisible": false
        }
      ]
    },
    "fly": {
      "poseTypes": ["FLY"],
      "isBattle": false,
      "animations": [
        "q.look('head_ai')",
        "q.bedrock('swanna', 'air_fly')"
      ],
      "quirks": ["q.bedrock_quirk('swanna', 'blink')"],
      "transformedParts": [
        {
          "part": "wing_open_right",
          "isVisible": true
        },
        {
          "part": "wing_open_left",
          "isVisible": true
        },
        {
          "part": "wing_closed_right",
          "isVisible": false
        },
        {
          "part": "wing_closed_left",
          "isVisible": false
        },
        {
          "part": "wing_pose_right",
          "isVisible": false
        },
        {
          "part": "wing_pose_left",
          "isVisible": false
        }
      ]
    },
    "float": {
      "poseTypes": ["FLOAT"],
      "animations": ["q.bedrock('swanna', 'water_idle')"],
      "quirks": ["q.bedrock_quirk('swanna', 'blink')"],
      "transformedParts": [
        {
          "part": "wing_open_right",
          "isVisible": false
        },
        {
          "part": "wing_open_left",
          "isVisible": false
        },
        {
          "part": "wing_closed_right",
          "isVisible": true
        },
        {
          "part": "wing_closed_left",
          "isVisible": true
        },
        {
          "part": "wing_pose_right",
          "isVisible": false
        },
        {
          "part": "wing_pose_left",
          "isVisible": false
        }
      ]
    },
    "swim": {
      "poseTypes": ["SWIM"],
      "animations": ["q.bedrock('swanna', 'water_idle')"],
      "quirks": ["q.bedrock_quirk('swanna', 'blink')"],
      "transformedParts": [
        {
          "part": "wing_open_right",
          "isVisible": false
        },
        {
          "part": "wing_open_left",
          "isVisible": false
        },
        {
          "part": "wing_closed_right",
          "isVisible": true
        },
        {
          "part": "wing_closed_left",
          "isVisible": true
        },
        {
          "part": "wing_pose_right",
          "isVisible": false
        },
        {
          "part": "wing_pose_left",
          "isVisible": false
        }
      ]
    }
  }
}
