{
	"format_version": "1.8.0",
	"animations": {
		"animation.blipbug.ground_walk": {
			"loop": true,
			"animation_length": 1,
			"bones": {
				"legs": {
					"position": [0, -4, 0]
				},
				"leg1": {
					"rotation": ["46.7815+math.sin(q.anim_time*90*4)*4", 14.11956, 14.31147],
					"position": [0, -1, 1]
				},
				"leg2": {
					"rotation": ["46.7815+math.sin(q.anim_time*90*4)*4", -14.11956, -14.31147],
					"position": [0, -1, 1]
				},
				"leg3": {
					"rotation": {
						"0.0": ["0-math.sin(q.anim_time*90*4-100)*6", 0, 0],
						"1.0": ["0-math.sin(q.anim_time*90*4-100)*6", 0, 0]
					},
					"position": {
						"0.0": [0, "-1+math.sin(q.anim_time*90*4+90)*0.2", "4-math.sin(q.anim_time*90*4+90)*0.6"],
						"0.5": [0, "-1+math.sin(q.anim_time*90*4+90)*0.2", "3-math.sin(q.anim_time*90*4+90)*0.6"],
						"1.0": [0, "-1+math.sin(q.anim_time*90*4+90)*0.2", "4-math.sin(q.anim_time*90*4+90)*0.6"]
					}
				},
				"leg4": {
					"rotation": {
						"0.0": ["0-math.sin(q.anim_time*90*4-100)*6", 0, 0],
						"1.0": ["0-math.sin(q.anim_time*90*4-100)*6", 0, 0]
					},
					"position": {
						"0.0": [0, "-1+math.sin(q.anim_time*90*4+90)*0.2", "4-math.sin(q.anim_time*90*4+90)*0.6"],
						"0.5": [0, "-1+math.sin(q.anim_time*90*4+90)*0.2", "3-math.sin(q.anim_time*90*4+90)*0.6"],
						"1.0": [0, "-1+math.sin(q.anim_time*90*4+90)*0.2", "4-math.sin(q.anim_time*90*4+90)*0.6"]
					}
				},
				"torso": {
					"rotation": [0, 0, "0+math.sin((query.anim_time)*90*4+90)*1"],
					"position": [0, -4, 0]
				},
				"torso_mini": {
					"rotation": ["40+math.sin(q.anim_time*90*4)*4", 0, 0],
					"position": [0, 0, 1]
				},
				"torso_parte": {
					"rotation": [45, 0, 0],
					"position": [0, 3, 4.8]
				},
				"tail": {
					"rotation": ["20+math.sin(q.anim_time*90*4)*2", 0, 0],
					"position": [0, 2, 1]
				},
				"tail2": {
					"rotation": ["-22.5+math.sin(q.anim_time*90*4)*6", 0, 0],
					"position": [0, -3, -1]
				},
				"head": {
					"rotation": [2.5, 0, 0]
				},
				"face": {
					"rotation": ["-32.5+math.sin(q.anim_time*90*4+90)*4", 0, 0],
					"position": [0, 0, 0]
				},
				"body": {
					"rotation": [0, 0, 0],
					"position": [0, 1, "2+math.sin(q.anim_time*90*4+90)*0.5"]
				}
			}
		},
		"animation.blipbug.ground_idle": {
			"loop": true,
			"bones": {
				"legs": {
					"position": [0, -4, 0]
				},
				"leg1": {
					"rotation": ["45.9931+math.sin(q.anim_time*90*14/7-30)*1", 10.63798, 10.63671],
					"position": [0, 1, 4]
				},
				"leg2": {
					"rotation": ["46.7815+math.sin(q.anim_time*90*14/7-30)*1", -14.11956, -14.31147],
					"position": [0, 1, 4]
				},
				"leg3": {
					"position": [0, -1, 4]
				},
				"leg4": {
					"position": [0, -1, 4]
				},
				"torso": {
					"rotation": ["0+math.sin(q.anim_time*90*12/6-30)*1", 0, "0+math.cos((query.anim_time)*90*10/5-30)*1"],
					"position": [0, -4, 0]
				},
				"torso_mini": {
					"rotation": [17.5, 0, 0],
					"position": [0, 0, 1]
				},
				"torso_parte": {
					"rotation": [40, 0, 0],
					"position": [0, 3, 4]
				},
				"tail": {
					"rotation": ["20+math.sin(query.anim_time*90*20/10-30)*1", 0, 0],
					"position": [0, 2, 1]
				},
				"tail2": {
					"rotation": [-22.5, 0, 0],
					"position": [0, -3, -1]
				},
				"head": {
					"rotation": ["2.5+math.sin(query.anim_time*90*12/6-30)*1", 0, 0]
				},
				"face": {
					"rotation": [-15, 0, 0],
					"position": [0, -1, 0]
				},
				"body": {
					"position": [0, 1, 0]
				},
				"hair": {
					"rotation": ["-5+math.sin(q.anim_time*90*1)*1", 0, 0]
				}
			}
		},
		"animation.blipbug.blink": {
			"animation_length": 0.0417,
			"bones": {
				"eyes": {
					"position": {
						"0.0": [0, 0, 0],
						"0.0417": [0, 0, 1]
					}
				}
			}
		},
		"animation.blipbug.cry": {
			"animation_length": 0.6667,
			"bones": {
				"face": {
					"rotation": {
						"0.0": {
							"post": [0, 0, 0],
							"lerp_mode": "catmullrom"
						},
						"0.0417": {
							"post": [-2.5, 0, 0],
							"lerp_mode": "catmullrom"
						},
						"0.2083": {
							"post": [2.5, 0, 0],
							"lerp_mode": "catmullrom"
						},
						"0.2917": {
							"post": [-2.5, 0, 0],
							"lerp_mode": "catmullrom"
						},
						"0.375": {
							"post": [0, 0, 0],
							"lerp_mode": "catmullrom"
						},
						"0.4583": {
							"post": [-2.5, 0, 0],
							"lerp_mode": "catmullrom"
						},
						"0.6667": {
							"post": [0, 0, 0],
							"lerp_mode": "catmullrom"
						}
					}
				},
				"smile": {
					"position": {
						"0.0": [0, 0, 0],
						"0.0417": {
							"pre": [0, 0, 0],
							"post": [0, 0, -1]
						},
						"0.2083": {
							"pre": [0, 0, -1],
							"post": [0, 0, 1]
						},
						"0.2917": {
							"pre": [0, 0, 1],
							"post": [0, 0, -1]
						},
						"0.375": {
							"pre": [0, 0, -1],
							"post": [0, 0, 1]
						},
						"0.4583": {
							"pre": [0, 0, 1],
							"post": [0, 0, -1]
						},
						"0.6667": {
							"pre": [0, 0, -1],
							"post": [0, 0, 0]
						}
					}
				},
				"smile_retrase": {
					"position": {
						"0.0": [0, 0, 0],
						"0.0417": {
							"pre": [0, 0, 0],
							"post": [0, 0, 2]
						},
						"0.2083": {
							"pre": [0, 0, 2],
							"post": [0, 0, -1]
						},
						"0.2917": {
							"pre": [0, 0, -1],
							"post": [0, 0, 2]
						},
						"0.375": {
							"pre": [0, 0, 2],
							"post": [0, 0, -1]
						},
						"0.4583": {
							"pre": [0, 0, -1],
							"post": [0, 0, 2]
						},
						"0.6667": {
							"pre": [0, 0, 2],
							"post": [0, 0, 0]
						}
					}
				}
			},
			"sound_effects": {
				"0.0833": {
					"effect": "pokemon.blipbug.cry"
				}
			}
		}
	}
}