{
	"format_version": "1.12.0",
	"minecraft:geometry": [
		{
			"description": {
				"identifier": "geometry.spritzee",
				"texture_width": 64,
				"texture_height": 64,
				"visible_bounds_width": 3,
				"visible_bounds_height": 2.5,
				"visible_bounds_offset": [0, 0.75, 0]
			},
			"bones": [
				{
					"name": "spritzee",
					"pivot": [0, -2, 0]
				},
				{
					"name": "body",
					"parent": "spritzee",
					"pivot": [0, -2, 0]
				},
				{
					"name": "legs",
					"parent": "body",
					"pivot": [0, 3, 0]
				},
				{
					"name": "leg1",
					"parent": "legs",
					"pivot": [0, 0, 0],
					"rotation": [0, 0, 5],
					"cubes": [
						{"origin": [0, 1.2, -1.5], "size": [2, 3, 1], "uv": [6, 31]}
					]
				},
				{
					"name": "leg2",
					"parent": "legs",
					"pivot": [0, 0, 0],
					"rotation": [0, 0, -5],
					"cubes": [
						{"origin": [-2, 1.2, -1.5], "size": [2, 3, 1], "uv": [6, 31], "mirror": true}
					]
				},
				{
					"name": "torso",
					"parent": "body",
					"pivot": [0, 6, 0]
				},
				{
					"name": "head",
					"parent": "torso",
					"pivot": [0, 4, 0],
					"cubes": [
						{"origin": [1, 2.8, -2.5], "size": [2, 0, 3], "pivot": [2, 0, -2], "rotation": [0, 0, 7.5], "uv": [10, 25]},
						{"origin": [-4, 3, -5], "size": [8, 8, 8], "uv": [0, 0]},
						{"origin": [6.5, 9, 1], "size": [0, 3, 3], "pivot": [11, 1, 5], "rotation": [0, 20, -10], "uv": [30, 29]},
						{"origin": [-6.5, 9, 1], "size": [0, 3, 3], "pivot": [-11, 1, 5], "rotation": [0, -20, 10], "uv": [30, 29], "mirror": true},
						{"origin": [0.5, 3, -3], "size": [0, 2, 3], "pivot": [5, -4, 5], "rotation": [-22.5, 20, 22.5], "uv": [0, 31]},
						{"origin": [-0.5, 3, -3], "size": [0, 2, 3], "pivot": [-5, -4, 5], "rotation": [-22.5, -20, -22.5], "uv": [0, 31], "mirror": true},
						{"origin": [-3, 2.8, -2.5], "size": [2, 0, 3], "pivot": [-2, 0, -2], "rotation": [0, 0, -7.5], "uv": [10, 25], "mirror": true},
						{"origin": [-1, 3.4, -2], "size": [2, 0, 3], "pivot": [0, 1, -1], "rotation": [35, 0, 0], "uv": [10, 28]},
						{"origin": [-1, 4, -2], "size": [2, 0, 3], "pivot": [0, 2, -1], "rotation": [-35, 0, 0], "uv": [20, 29]}
					]
				},
				{
					"name": "eyes",
					"parent": "head",
					"pivot": [0, 4, -4]
				},
				{
					"name": "eye1",
					"parent": "eyes",
					"pivot": [0, 4, -4],
					"cubes": [
						{"origin": [4.01, 5, -5], "size": [0, 4, 1], "uv": [18, 31]},
						{"origin": [2, 5, -5.01], "size": [2, 4, 0], "uv": [20, 25]},
						{"origin": [4.2, 7.1, -3.7], "size": [0, 1, 3], "pivot": [5, 4, -3], "rotation": [13.27463, 19.50645, 4.50432], "uv": [32, 0]},
						{"origin": [4.2, 8.1, -3.7], "size": [0, 1, 1], "pivot": [5, 5, -3], "rotation": [13.27463, 19.50645, 4.50432], "uv": [20, 34]},
						{"origin": [4.2, 6.1, -3.7], "size": [0, 1, 2], "pivot": [5, 3, -3], "rotation": [13.27463, 19.50645, 4.50432], "uv": [32, 19]}
					]
				},
				{
					"name": "ceja1",
					"parent": "eye1",
					"pivot": [0, 4, -2],
					"cubes": [
						{"origin": [2, 8.8, -4.05], "size": [2, 0.4, 0], "uv": [18, 35]}
					]
				},
				{
					"name": "bone",
					"parent": "eye1",
					"pivot": [2, 8, 2],
					"cubes": [
						{"origin": [2.5, 6, -5.03], "size": [1, 2, 0], "uv": [22, 34]},
						{"origin": [2, 8, -5.04], "size": [1, 1, 0], "uv": [10, 24]},
						{"origin": [2, 5.1, -5.02], "size": [2, 4, 0], "uv": [60, 60]},
						{"origin": [4.02, 5.1, -5.02], "size": [0, 4, 1], "uv": [26, 32]}
					]
				},
				{
					"name": "eye2",
					"parent": "eyes",
					"pivot": [0, 4, -4],
					"cubes": [
						{"origin": [-4.01, 5, -5], "size": [0, 4, 1], "uv": [18, 31], "mirror": true},
						{"origin": [-4, 5, -5.01], "size": [2, 4, 0], "uv": [20, 25], "mirror": true},
						{"origin": [-4.2, 7.1, -3.7], "size": [0, 1, 3], "pivot": [-5, 4, -3], "rotation": [13.27463, -19.50645, -4.50432], "uv": [32, 0], "mirror": true},
						{"origin": [-4.2, 8.1, -3.7], "size": [0, 1, 1], "pivot": [-5, 5, -3], "rotation": [13.27463, -19.50645, -4.50432], "uv": [20, 34], "mirror": true},
						{"origin": [-4.2, 6.1, -3.7], "size": [0, 1, 2], "pivot": [-5, 3, -3], "rotation": [13.27463, -19.50645, -4.50432], "uv": [32, 19], "mirror": true}
					]
				},
				{
					"name": "ceja2",
					"parent": "eye2",
					"pivot": [0, 4, -2],
					"cubes": [
						{"origin": [-4, 8.8, -4.05], "size": [2, 0.4, 0], "uv": [18, 35], "mirror": true}
					]
				},
				{
					"name": "bone2",
					"parent": "eye2",
					"pivot": [-2, 8, 2],
					"cubes": [
						{"origin": [-3.5, 6, -5.03], "size": [1, 2, 0], "uv": [22, 34], "mirror": true},
						{"origin": [-3, 8, -5.04], "size": [1, 1, 0], "uv": [10, 24], "mirror": true},
						{"origin": [-4.05, 5.1, -5.02], "size": [2, 4, 0], "uv": [60, 60], "mirror": true},
						{"origin": [-4.02, 5.1, -5.02], "size": [0, 4, 1], "uv": [26, 32], "mirror": true}
					]
				},
				{
					"name": "hands",
					"parent": "head",
					"pivot": [0, -1, -11]
				},
				{
					"name": "hand1",
					"parent": "hands",
					"pivot": [2, 0, 0],
					"cubes": [
						{"origin": [1, 4, -1], "size": [5, 5, 1], "pivot": [4, 5, 0], "rotation": [0, 0, 15], "uv": [52, 0]}
					]
				},
				{
					"name": "hand_mini2",
					"parent": "hand1",
					"pivot": [4, 6, 0],
					"cubes": [
						{"origin": [6, 4.4, -0.5], "size": [3, 4, 0], "inflate": -0.0001, "pivot": [7, 3, 0], "rotation": [0, 0, -10], "uv": [12, 31]},
						{"origin": [3, 2, -0.5], "size": [3, 2, 0], "inflate": -0.0001, "pivot": [4, 4, 0], "rotation": [0, 0, 32.5], "uv": [32, 11]}
					]
				},
				{
					"name": "hand2",
					"parent": "hands",
					"pivot": [-2, 0, 0],
					"cubes": [
						{"origin": [-6, 4, -1], "size": [5, 5, 1], "pivot": [-4, 5, 0], "rotation": [0, 0, -15], "uv": [52, 0], "mirror": true}
					]
				},
				{
					"name": "hand_mini3",
					"parent": "hand2",
					"pivot": [-4, 6, 0],
					"cubes": [
						{"origin": [-9, 4.4, -0.5], "size": [3, 4, 0], "inflate": -0.0001, "pivot": [-7, 3, 0], "rotation": [0, 0, 10], "uv": [12, 31], "mirror": true},
						{"origin": [-6, 2, -0.5], "size": [3, 2, 0], "inflate": -0.0001, "pivot": [-4, 4, 0], "rotation": [0, 0, -32.5], "uv": [32, 11], "mirror": true}
					]
				},
				{
					"name": "nose",
					"parent": "head",
					"pivot": [0, -2, 0],
					"cubes": [
						{"origin": [-1.5, 5, -6.9], "size": [3, 5, 2], "inflate": -0.1, "uv": [0, 24]},
						{"origin": [-1, 4.4, -8.4], "size": [2, 5, 2], "inflate": -0.1, "uv": [24, 16]}
					]
				},
				{
					"name": "fur",
					"parent": "head",
					"pivot": [0, 11, -2],
					"cubes": [
						{"origin": [-1.5, 10, -4], "size": [3, 4, 4], "pivot": [1, 10, -3], "rotation": [-32.5, 0, 0], "uv": [0, 16]},
						{"origin": [0, 12, -1], "size": [0, 4, 5], "pivot": [1, 13, 0], "rotation": [-20, 0, 0], "uv": [14, 16]}
					]
				}
			]
		}
	]
}