{
	"format_version": "1.12.0",
	"minecraft:geometry": [
		{
			"description": {
				"identifier": "geometry.beautifly",
				"texture_width": 128,
				"texture_height": 128,
				"visible_bounds_width": 5,
				"visible_bounds_height": 4,
				"visible_bounds_offset": [0, 1, 0]
			},
			"bones": [
				{
					"name": "beautifly",
					"pivot": [0, -9, 0]
				},
				{
					"name": "body",
					"parent": "beautifly",
					"pivot": [0, 1, 0],
					"cubes": [
						{"origin": [-3, 1, -3], "size": [6, 7, 6], "uv": [0, 38]}
					]
				},
				{
					"name": "left_leg",
					"parent": "body",
					"pivot": [3, 2, -2],
					"cubes": [
						{"origin": [2, 0, -4], "size": [2, 2, 3], "uv": [18, 16]}
					]
				},
				{
					"name": "right_leg",
					"parent": "body",
					"pivot": [-3, 2, -2],
					"cubes": [
						{"origin": [-4, 0, -4], "size": [2, 2, 3], "uv": [18, 21]}
					]
				},
				{
					"name": "right_arm",
					"parent": "body",
					"pivot": [-3, 6, -1],
					"rotation": [-15, 0, 0],
					"cubes": [
						{"origin": [-4, 5, -4], "size": [2, 2, 3], "uv": [18, 26]}
					]
				},
				{
					"name": "left_arm",
					"parent": "body",
					"pivot": [3, 6, -1],
					"rotation": [-15, 0, 0],
					"cubes": [
						{"origin": [2, 5, -4], "size": [2, 2, 3], "uv": [18, 31]}
					]
				},
				{
					"name": "right_wing",
					"parent": "body",
					"pivot": [0, 7, 3],
					"cubes": [
						{"origin": [-22, -8, 3], "size": [22, 35, 0], "uv": [44, 93], "mirror": true}
					]
				},
				{
					"name": "right_wing_ext",
					"parent": "right_wing",
					"pivot": [-18, -3, 3],
					"rotation": [0, 0, 45],
					"cubes": [
						{"origin": [-19, -11, 3], "size": [1, 8, 0], "uv": [2, 51], "mirror": true},
						{"origin": [-19, -13, 2.5], "size": [1, 2, 1], "uv": [8, 51], "mirror": true}
					]
				},
				{
					"name": "left_wing",
					"parent": "body",
					"pivot": [0, 7, 3],
					"cubes": [
						{"origin": [0, -8, 3], "size": [22, 35, 0], "uv": [0, 93]}
					]
				},
				{
					"name": "left_wing_ext",
					"parent": "left_wing",
					"pivot": [17, -3, 3],
					"rotation": [0, 0, -45],
					"cubes": [
						{"origin": [17, -11, 3], "size": [1, 8, 0], "uv": [2, 51]},
						{"origin": [17, -13, 2.5], "size": [1, 2, 1], "uv": [8, 51]}
					]
				},
				{
					"name": "head",
					"parent": "body",
					"pivot": [0, 8, -3],
					"cubes": [
						{"origin": [-4, 8, -4], "size": [8, 8, 8], "uv": [0, 0]}
					]
				},
				{
					"name": "mouth",
					"parent": "head",
					"pivot": [0, 11, -4],
					"cubes": [
						{"origin": [0, -2, -13], "size": [0, 13, 9], "uv": [0, 16]}
					]
				},
				{
					"name": "left_antenna",
					"parent": "head",
					"pivot": [2, 16, -1],
					"cubes": [
						{"origin": [1, 15, -1], "size": [1, 8, 0], "uv": [0, 51]},
						{"origin": [1, 23, -1.5], "size": [1, 2, 1], "uv": [4, 51]}
					]
				},
				{
					"name": "right_antenna",
					"parent": "head",
					"pivot": [-2, 16, -1],
					"cubes": [
						{"origin": [-2, 15, -1], "size": [1, 8, 0], "uv": [0, 51]},
						{"origin": [-2, 23, -1.5], "size": [1, 2, 1], "uv": [4, 51]}
					]
				}
			]
		}
	]
}