{
	"format_version": "1.12.0",
	"minecraft:geometry": [
		{
			"description": {
				"identifier": "geometry.dustox",
				"texture_width": 128,
				"texture_height": 128,
				"visible_bounds_width": 4,
				"visible_bounds_height": 3.5,
				"visible_bounds_offset": [0, 1.25, 0]
			},
			"bones": [
				{
					"name": "dustox",
					"pivot": [0, -8, 0]
				},
				{
					"name": "head",
					"parent": "dustox",
					"pivot": [0, 4, 0],
					"cubes": [
						{"origin": [-4, 3, 4], "size": [8, 4, 0], "uv": [80, 8]},
						{"origin": [-4, 3, -4], "size": [8, 4, 0], "uv": [80, 8]},
						{"origin": [4, 3, -4], "size": [0, 4, 8], "uv": [80, 0]},
						{"origin": [-4, 3, -4], "size": [0, 4, 8], "uv": [80, 0]},
						{"origin": [-5, 7, -5], "size": [10, 13, 10], "uv": [0, 0]},
						{"origin": [-4, 20, -4], "size": [8, 3, 8], "uv": [40, 33]},
						{"origin": [-3, 23, -3], "size": [6, 3, 6], "uv": [40, 24]}
					]
				},
				{
					"name": "left_arm",
					"parent": "head",
					"pivot": [5, 14, -4],
					"rotation": [0, 15, 0],
					"cubes": [
						{"origin": [4, 12, -7], "size": [2, 2, 4], "uv": [12, 45]}
					]
				},
				{
					"name": "right_arm",
					"parent": "head",
					"pivot": [-5, 14, -4],
					"rotation": [0, -15, 0],
					"cubes": [
						{"origin": [-6, 12, -7], "size": [2, 2, 4], "uv": [12, 51]}
					]
				},
				{
					"name": "left_leg",
					"parent": "head",
					"pivot": [5, 11, -4],
					"rotation": [0, 15, 0],
					"cubes": [
						{"origin": [4, 9, -7], "size": [2, 2, 4], "uv": [24, 45]}
					]
				},
				{
					"name": "right_leg",
					"parent": "head",
					"pivot": [-5, 11, -4],
					"rotation": [0, -15, 0],
					"cubes": [
						{"origin": [-6, 9, -7], "size": [2, 2, 4], "uv": [24, 51]}
					]
				},
				{
					"name": "left_ear",
					"parent": "head",
					"pivot": [3, 25, -2],
					"rotation": [0, 0, 25],
					"cubes": [
						{"origin": [2, 22, -2], "size": [3, 8, 3], "uv": [40, 44]}
					]
				},
				{
					"name": "right_ear",
					"parent": "head",
					"pivot": [-3, 25, -2],
					"rotation": [0, 0, -25],
					"cubes": [
						{"origin": [-5, 22, -2], "size": [3, 8, 3], "uv": [0, 45]}
					]
				},
				{
					"name": "right_wing",
					"parent": "head",
					"pivot": [0, 19, 5],
					"cubes": [
						{"origin": [-20, -1, 5], "size": [20, 22, 0], "pivot": [0, 17, 5], "rotation": [0, 5, 0], "uv": [0, 23]}
					]
				},
				{
					"name": "left_wing",
					"parent": "head",
					"pivot": [0, 19, 5],
					"cubes": [
						{"origin": [0, -1, 5], "size": [20, 22, 0], "pivot": [0, 17, 5], "rotation": [0, -5, 0], "uv": [40, 0]}
					]
				}
			]
		}
	]
}