{
	"format_version": "1.12.0",
	"minecraft:geometry": [
		{
			"description": {
				"identifier": "geometry.silcoon",
				"texture_width": 128,
				"texture_height": 128,
				"visible_bounds_width": 4,
				"visible_bounds_height": 2.5,
				"visible_bounds_offset": [0, 0.75, 0]
			},
			"bones": [
				{
					"name": "cascoon",
					"pivot": [0, 0, 0]
				},
				{
					"name": "body",
					"parent": "cascoon",
					"pivot": [0, 0, 0],
					"cubes": [
						{"origin": [-6, 2, -8], "size": [12, 7, 16], "uv": [0, 0]},
						{"origin": [-5, 9, -7], "size": [10, 2, 14], "uv": [0, 23]},
						{"origin": [-5, 0, -7], "size": [10, 2, 14], "uv": [0, 39]}
					]
				},
				{
					"name": "left_spike1",
					"parent": "body",
					"pivot": [5, 4, -5],
					"rotation": [0, 20, 20],
					"cubes": [
						{"origin": [4, 3, -6], "size": [6, 1, 1], "uv": [48, 37]},
						{"origin": [10, 3.5, -6], "size": [5, 0, 1], "uv": [10, 55]}
					]
				},
				{
					"name": "center_spike1",
					"parent": "body",
					"pivot": [0, 9, -7],
					"rotation": [-40, 0, 0],
					"cubes": [
						{"origin": [-0.5, 9, -11], "size": [1, 1, 6], "uv": [48, 23]},
						{"origin": [0, 9, -16], "size": [0, 1, 5], "uv": [48, 49]}
					]
				},
				{
					"name": "center_spike2",
					"parent": "body",
					"pivot": [0, 3, 8],
					"rotation": [-10, 0, 0],
					"cubes": [
						{"origin": [-0.5, 2, 6], "size": [1, 1, 6], "uv": [48, 30]},
						{"origin": [0, 2, 12], "size": [0, 1, 5], "uv": [0, 55]}
					]
				},
				{
					"name": "right_spike1",
					"parent": "body",
					"pivot": [-5, 4, -5],
					"rotation": [0, -20, -20],
					"cubes": [
						{"origin": [-10, 3, -6], "size": [6, 1, 1], "uv": [48, 43]},
						{"origin": [-15, 3.5, -6], "size": [5, 0, 1], "uv": [46, 55]}
					]
				},
				{
					"name": "left_spike2",
					"parent": "body",
					"pivot": [5, 4, 6],
					"rotation": [0, -20, 20],
					"cubes": [
						{"origin": [4, 3, 5], "size": [6, 1, 1], "uv": [48, 39]},
						{"origin": [10, 3.5, 5], "size": [5, 0, 1], "uv": [22, 55]}
					]
				},
				{
					"name": "left_spike4",
					"parent": "body",
					"pivot": [5, 4, 0],
					"rotation": [0, 0, 20],
					"cubes": [
						{"origin": [4, 3, -1], "size": [6, 1, 1], "uv": [48, 39]},
						{"origin": [10, 3.5, -1], "size": [5, 0, 1], "uv": [22, 55]}
					]
				},
				{
					"name": "right_spike4",
					"parent": "body",
					"pivot": [-5, 4, 0],
					"rotation": [0, 0, -20],
					"cubes": [
						{"origin": [-10, 3, -1], "size": [6, 1, 1], "uv": [48, 39], "mirror": true},
						{"origin": [-15, 3.5, -1], "size": [5, 0, 1], "uv": [22, 55], "mirror": true}
					]
				},
				{
					"name": "right_spike2",
					"parent": "body",
					"pivot": [-5, 4, 6],
					"rotation": [0, 20, -20],
					"cubes": [
						{"origin": [-10, 3, 5], "size": [6, 1, 1], "uv": [48, 45]},
						{"origin": [-15, 3.5, 5], "size": [5, 0, 1], "uv": [56, 0]}
					]
				},
				{
					"name": "left_spike3",
					"parent": "body",
					"pivot": [2, 10, 5],
					"rotation": [0, -20, -50],
					"cubes": [
						{"origin": [1, 9, 4], "size": [6, 1, 1], "uv": [48, 41]},
						{"origin": [7, 9.5, 4], "size": [5, 0, 1], "uv": [34, 55]}
					]
				},
				{
					"name": "right_spike3",
					"parent": "body",
					"pivot": [-2, 10, 5],
					"rotation": [0, 20, 50],
					"cubes": [
						{"origin": [-7, 9, 4], "size": [6, 1, 1], "uv": [48, 47]},
						{"origin": [-12, 9.5, 4], "size": [5, 0, 1], "uv": [56, 1]}
					]
				},
				{
					"name": "left_eye",
					"parent": "body",
					"pivot": [5, 8, -5],
					"cubes": [
						{"origin": [6.05, 4, -7], "size": [0, 5, 5], "uv": [0, -5]}
					]
				},
				{
					"name": "right_eye",
					"parent": "body",
					"pivot": [-5, 8, -5],
					"cubes": [
						{"origin": [-6.05, 4, -7], "size": [0, 5, 5], "uv": [0, 0], "mirror": true}
					]
				}
			]
		}
	]
}