{
	"format_version": "1.12.0",
	"minecraft:geometry": [
		{
			"description": {
				"identifier": "geometry.wurmple",
				"texture_width": 64,
				"texture_height": 64,
				"visible_bounds_width": 3,
				"visible_bounds_height": 2.5,
				"visible_bounds_offset": [0, 0.75, 0]
			},
			"bones": [
				{
					"name": "wurmple",
					"pivot": [0, 0, 0]
				},
				{
					"name": "neck",
					"parent": "wurmple",
					"pivot": [0, 0, -2],
					"cubes": [
						{"origin": [-3, 0, -7], "size": [6, 6, 5], "uv": [0, 0]},
						{"origin": [-4, 0, -5], "size": [2, 2, 2], "pivot": [-3, 0, -4], "rotation": [0, 0, -20], "uv": [26, 29]},
						{"origin": [2, 0, -5], "size": [2, 2, 2], "pivot": [3, 0, -4], "rotation": [0, 0, 20], "uv": [26, 33]},
						{"origin": [2, 3, -8], "size": [2, 2, 2], "uv": [27, 33]},
						{"origin": [-4, 3, -8], "size": [2, 2, 2], "uv": [26, 29]}
					]
				},
				{
					"name": "head",
					"parent": "neck",
					"pivot": [0, 6, -5],
					"cubes": [
						{"origin": [-3, 6, -11], "size": [6, 5, 9], "inflate": 0.1, "uv": [34, 12]},
						{"origin": [-1, 11, -10], "size": [2, 2, 2], "inflate": 0.1, "uv": [22, 12]},
						{"origin": [-1, 8, -2], "size": [2, 2, 2], "inflate": 0.1, "uv": [22, 16]}
					]
				},
				{
					"name": "head_spike",
					"parent": "head",
					"pivot": [0, 11, -6],
					"rotation": [-25, 0, 0],
					"cubes": [
						{"origin": [-1, 11, -6], "size": [2, 7, 3], "inflate": 0.1, "uv": [0, 28]}
					]
				},
				{
					"name": "body1",
					"parent": "neck",
					"pivot": [0, 3, -2],
					"cubes": [
						{"origin": [-3, 0, -2], "size": [6, 6, 4], "inflate": -0.01, "uv": [22, 0]},
						{"origin": [-4, 0, -1], "size": [2, 2, 2], "inflate": -0.01, "pivot": [-3, 0, 0], "rotation": [0, 0, -20], "uv": [26, 29]},
						{"origin": [-4, 4, -1], "size": [1, 2, 2], "inflate": -0.01, "uv": [42, 0]},
						{"origin": [3, 4, -1], "size": [1, 2, 2], "inflate": -0.01, "uv": [42, 4]},
						{"origin": [-1, 6, -1], "size": [2, 1, 2], "inflate": -0.01, "uv": [30, 17]},
						{"origin": [2, 0, -1], "size": [2, 2, 2], "inflate": -0.01, "pivot": [3, 0, 0], "rotation": [0, 0, 20], "uv": [26, 33]}
					]
				},
				{
					"name": "body2",
					"parent": "body1",
					"pivot": [0, 3, 2],
					"cubes": [
						{"origin": [-3, 0, 2], "size": [6, 6, 4], "uv": [22, 0]},
						{"origin": [-4, 0, 3], "size": [2, 2, 2], "pivot": [-3, 0, 4], "rotation": [0, 0, -20], "uv": [26, 29]},
						{"origin": [-4, 4, 3], "size": [1, 2, 2], "uv": [42, 0]},
						{"origin": [3, 4, 3], "size": [1, 2, 2], "uv": [42, 4]},
						{"origin": [-1, 6, 3], "size": [2, 1, 2], "uv": [30, 17]},
						{"origin": [2, 0, 3], "size": [2, 2, 2], "pivot": [3, 0, 4], "rotation": [0, 0, 20], "uv": [26, 33]}
					]
				},
				{
					"name": "body3",
					"parent": "body2",
					"pivot": [0, 3, 6],
					"cubes": [
						{"origin": [-3, 0, 6], "size": [6, 6, 6], "inflate": -0.01, "uv": [0, 16]},
						{"origin": [-4, 0, 7], "size": [2, 2, 2], "inflate": -0.01, "pivot": [-3, 0, 8], "rotation": [0, 0, -20], "uv": [26, 29]},
						{"origin": [-4, 4, 7], "size": [1, 2, 2], "inflate": -0.01, "uv": [42, 0]},
						{"origin": [3, 4, 7], "size": [1, 2, 2], "inflate": -0.01, "uv": [42, 4]},
						{"origin": [-1, 6, 7], "size": [2, 1, 2], "inflate": -0.01, "uv": [30, 17]},
						{"origin": [2, 0, 7], "size": [2, 2, 2], "inflate": -0.01, "pivot": [3, 0, 8], "rotation": [0, 0, 20], "uv": [26, 33]}
					]
				},
				{
					"name": "left_tail_spike",
					"parent": "body3",
					"pivot": [1.5, 7, 11],
					"rotation": [-35, 0, 0],
					"cubes": [
						{"origin": [0.5, 6, 11], "size": [2, 5, 2], "uv": [10, 28]}
					]
				},
				{
					"name": "right_tail_spike",
					"parent": "body3",
					"pivot": [-1.5, 7, 11],
					"rotation": [-35, 0, 0],
					"cubes": [
						{"origin": [-2.5, 6, 11], "size": [2, 5, 2], "uv": [18, 29]}
					]
				}
			]
		}
	]
}