{
  "type": "minecraft:chest",
  "pools": [
    {
      "rolls": 1,
      "entries": [
        { "type": "item", "name": "cobblemon:black_apricorn_seed", "weight": 1 },
        { "type": "item", "name": "cobblemon:blue_apricorn_seed", "weight": 1 },
        { "type": "item", "name": "cobblemon:green_apricorn_seed", "weight": 1 },
        { "type": "item", "name": "cobblemon:pink_apricorn_seed", "weight": 1 },
        { "type": "item", "name": "cobblemon:red_apricorn_seed", "weight": 1 },
        { "type": "item", "name": "cobblemon:white_apricorn_seed", "weight": 1 },
        { "type": "item", "name": "cobblemon:yellow_apricorn_seed", "weight": 1 }
      ]
    }
  ]
}
