{
  "type": "minecraft:chest",
  "pools": [
    {
      "rolls": 1,
      "entries": [
        { "type": "item", "name": "cobblemon:absorb_bulb", "weight": 1 },
        { "type": "item", "name": "cobblemon:air_balloon", "weight": 1 },
        { "type": "item", "name": "cobblemon:assault_vest", "weight": 1 },
        { "type": "item", "name": "cobblemon:big_root", "weight": 1 },
        { "type": "item", "name": "cobblemon:binding_band", "weight": 1 },
        { "type": "item", "name": "cobblemon:black_sludge", "weight": 1 },
        { "type": "item", "name": "cobblemon:blunder_policy", "weight": 1 },
        { "type": "item", "name": "cobblemon:bright_powder", "weight": 1 },
        { "type": "item", "name": "cobblemon:cell_battery", "weight": 1 },
        { "type": "item", "name": "cobblemon:choice_band", "weight": 1 },
        { "type": "item", "name": "cobblemon:choice_scarf", "weight": 1 },
        { "type": "item", "name": "cobblemon:choice_specs", "weight": 1 },
        { "type": "item", "name": "cobblemon:cleanse_tag", "weight": 1 },
        { "type": "item", "name": "cobblemon:covert_cloak", "weight": 1 },
        { "type": "item", "name": "cobblemon:damp_rock", "weight": 1 },
        { "type": "item", "name": "cobblemon:destiny_knot", "weight": 1 },
        { "type": "item", "name": "cobblemon:eject_button", "weight": 6 },
        { "type": "item", "name": "cobblemon:eject_pack", "weight": 1 },
        { "type": "item", "name": "cobblemon:everstone", "weight": 1 },
        { "type": "item", "name": "cobblemon:eviolite", "weight": 1 },
        { "type": "item", "name": "cobblemon:expert_belt", "weight": 1 },
        { "type": "item", "name": "cobblemon:exp_share", "weight": 1 },
        { "type": "item", "name": "cobblemon:flame_orb", "weight": 1 },
        { "type": "item", "name": "cobblemon:float_stone", "weight": 1 },
        { "type": "item", "name": "cobblemon:focus_band", "weight": 1 },
        { "type": "item", "name": "cobblemon:focus_sash", "weight": 1 },
        { "type": "item", "name": "cobblemon:heat_rock", "weight": 1 },
        { "type": "item", "name": "cobblemon:heavy_duty_boots", "weight": 1 },
        { "type": "item", "name": "cobblemon:icy_rock", "weight": 1 },
        { "type": "item", "name": "cobblemon:iron_ball", "weight": 1 },
        { "type": "item", "name": "cobblemon:leftovers", "weight": 1 },
        { "type": "item", "name": "cobblemon:life_orb", "weight": 1 },
        { "type": "item", "name": "cobblemon:light_ball", "weight": 1 },
        { "type": "item", "name": "cobblemon:light_clay", "weight": 1 },
        { "type": "item", "name": "cobblemon:loaded_dice", "weight": 1 },
        { "type": "item", "name": "cobblemon:lucky_egg", "weight": 1 },
        { "type": "item", "name": "cobblemon:medicinal_leek", "weight": 1 },
        { "type": "item", "name": "cobblemon:mental_herb", "weight": 1 },
        { "type": "item", "name": "cobblemon:metal_powder", "weight": 1 },
        { "type": "item", "name": "cobblemon:metronome", "weight": 1 },
        { "type": "item", "name": "cobblemon:mirror_herb", "weight": 1 },
        { "type": "item", "name": "cobblemon:muscle_band", "weight": 1 },
        { "type": "item", "name": "cobblemon:power_herb", "weight": 1 },
        { "type": "item", "name": "cobblemon:protective_pads", "weight": 1 },
        { "type": "item", "name": "cobblemon:punching_glove", "weight": 1 },
        { "type": "item", "name": "cobblemon:quick_claw", "weight": 1 },
        { "type": "item", "name": "cobblemon:quick_powder", "weight": 1 },
        { "type": "item", "name": "cobblemon:red_card", "weight": 1 },
        { "type": "item", "name": "cobblemon:ring_target", "weight": 1 },
        { "type": "item", "name": "cobblemon:rocky_helmet", "weight": 1 },
        { "type": "item", "name": "cobblemon:room_service", "weight": 1 },
        { "type": "item", "name": "cobblemon:safety_goggles", "weight": 1 },
        { "type": "item", "name": "cobblemon:scope_lens", "weight": 1 },
        { "type": "item", "name": "cobblemon:shed_shell", "weight": 1 },
        { "type": "item", "name": "cobblemon:shell_bell", "weight": 1 },
        { "type": "item", "name": "cobblemon:smoke_ball", "weight": 1 },
        { "type": "item", "name": "cobblemon:smooth_rock", "weight": 1 },
        { "type": "item", "name": "cobblemon:soothe_bell", "weight": 1 },
        { "type": "item", "name": "cobblemon:sticky_barb", "weight": 1 },
        { "type": "item", "name": "cobblemon:terrain_extender", "weight": 1 },
        { "type": "item", "name": "cobblemon:throat_spray", "weight": 1 },
        { "type": "item", "name": "cobblemon:toxic_orb", "weight": 1 },
        { "type": "item", "name": "cobblemon:utility_umbrella", "weight": 1 },
        { "type": "item", "name": "cobblemon:weakness_policy", "weight": 1 },
        { "type": "item", "name": "cobblemon:white_herb", "weight": 1 },
        { "type": "item", "name": "cobblemon:wide_lens", "weight": 1 },
        { "type": "item", "name": "cobblemon:wise_glasses", "weight": 1 },
        { "type": "item", "name": "cobblemon:zoom_lens", "weight": 1 },
        { "type": "item", "name": "cobblemon:clear_amulet", "weight": 1 },
        { "type": "item", "name": "cobblemon:grip_claw", "weight": 1 },
        { "type": "item", "name": "cobblemon:lagging_tail", "weight": 1 },
        { "type": "item", "name": "cobblemon:luminous_moss", "weight": 1 }
      ]
    }
  ]
}
