{
  "type": "minecraft:chest",
  "pools": [
    {
      "rolls": 1,
      "entries": [
        { "type": "item", "name": "cobblemon:fine_remedy", "weight": 20 },
        { "type": "item", "name": "cobblemon:remedy", "weight": 50 },
        { "type": "item", "name": "cobblemon:superb_remedy", "weight": 10 },
        { "type": "item", "name": "cobblemon:medicinal_brew", "weight": 10 },
        { "type": "item", "name": "cobblemon:pep_up_flower", "weight": 10 },
        { "type": "item", "name": "cobblemon:hyper_potion", "weight": 10 },
        { "type": "item", "name": "cobblemon:max_potion", "weight": 5 },
        { "type": "item", "name": "cobblemon:potion", "weight": 50 },
        { "type": "item", "name": "cobblemon:super_potion", "weight": 20 },
        { "type": "item", "name": "cobblemon:antidote", "weight": 50 },
        { "type": "item", "name": "cobblemon:awakening", "weight": 50 },
        { "type": "item", "name": "cobblemon:burn_heal", "weight": 50 },
        { "type": "item", "name": "cobblemon:full_heal", "weight": 20 },
        { "type": "item", "name": "cobblemon:ice_heal", "weight": 50 },
        { "type": "item", "name": "cobblemon:paralyze_heal", "weight": 50 },
        { "type": "item", "name": "cobblemon:full_restore", "weight": 7 },
        { "type": "item", "name": "cobblemon:max_revive", "weight": 5 },
        { "type": "item", "name": "cobblemon:revive", "weight": 10 }
      ]
    }
  ]
}
