{
  "type": "minecraft:chest",
  "pools": [
    {
      "rolls": 1,
      "entries": [
        { "type": "item", "name": "minecraft:diamond", "weight": 3 },
        { "type": "item", "name": "minecraft:quartz", "weight": 10 },
        { "type": "item", "name": "minecraft:quartz_pillar", "weight": 10 },
        { "type": "item", "name": "minecraft:charcoal", "weight": 80,
          "functions": [
            {"function": "minecraft:set_count","count": { "min": 1, "max": 7 }}
          ]},
        { "type": "item", "name": "minecraft:coal", "weight": 80,
          "functions": [
            {"function": "minecraft:set_count","count": { "min": 1, "max": 7 }}
          ]},
        { "type": "item", "name": "minecraft:emerald", "weight": 10 },
        { "type": "item", "name": "minecraft:lapis_lazuli", "weight": 10 },
        { "type": "item", "name": "minecraft:flint", "weight": 10 }
      ]
    }
  ]
}
