{
  "type": "minecraft:chest",
  "pools": [
    {
      "rolls": 1,
      "entries": [
        { "type": "item", "name": "minecraft:trial_key", "weight": 50 },
        { "type": "item", "name": "minecraft:wind_charge", "weight": 100 },
        { "type": "item", "name": "minecraft:name_tag", "weight": 250 },
        { "type": "item", "name": "minecraft:experience_bottle", "weight": 400 },
        { "type": "item", "name": "minecraft:copper_bulb", "weight": 250 },
        { "type": "item", "name": "minecraft:goat_horn", "weight": 50,
          "functions": [
            {
              "function": "set_instrument",
              "options": "#minecraft:goat_horns"
            }
          ]}
      ]
    }
  ]
}
