{
  "species": "cobblemon:zygarde",
  "order": 3,
  "variations": [
    {
      "aspects": [ "complete-percent" ],
      "poser": "cobblemon:zygarde_complete",
      "model": "cobblemon:zygarde_complete.geo",
      "texture": "cobblemon:textures/pokemon/zygarde/zygarde_complete.png",
      "layers": [
        {
          "name": "glow",
          "emissive": true,
          "texture": "cobblemon:textures/pokemon/zygarde/zygarde_complete_emissive.png",
          "translucent": false
        },
        {
          "name": "glowlights",
          "emissive": true,
          "texture": {
            "frames": [
              "cobblemon:textures/pokemon/zygarde/complete_lights.png",
              "cobblemon:textures/pokemon/zygarde/complete_lights_2.png",
              "cobblemon:textures/pokemon/zygarde/complete_lights_3.png",
              "cobblemon:textures/pokemon/zygarde/complete_lights_3off.png",
              "cobblemon:textures/pokemon/zygarde/complete_lights_4semi.png",
              "cobblemon:textures/pokemon/zygarde/complete_lights_4.png",
              "cobblemon:textures/pokemon/zygarde/complete_lights_5.png",
              "cobblemon:textures/pokemon/zygarde/complete_lights_6.png",
              "cobblemon:textures/pokemon/zygarde/complete_lights_7.png",
              "cobblemon:textures/pokemon/zygarde/complete_lights_8semi.png",
              "cobblemon:textures/pokemon/zygarde/complete_lights_8.png",
              "cobblemon:textures/pokemon/zygarde/complete_lights_9.png",
              "cobblemon:textures/pokemon/zygarde/complete_lights_10.png",
              "cobblemon:textures/pokemon/zygarde/complete_lights_11.png",
              "cobblemon:textures/pokemon/zygarde/complete_lights_12semi.png",
              "cobblemon:textures/pokemon/zygarde/complete_lights_12.png",
              "cobblemon:textures/pokemon/zygarde/complete_lights_13.png",
              "cobblemon:textures/pokemon/zygarde/complete_lights_14.png",
              "cobblemon:textures/pokemon/zygarde/complete_lights_15.png",
              "cobblemon:textures/pokemon/zygarde/complete_lights_16.png",
              "cobblemon:textures/pokemon/zygarde/complete_lights_17.png",
              "cobblemon:textures/pokemon/zygarde/complete_lights_18.png",
              "cobblemon:textures/pokemon/zygarde/complete_lights_19.png",
              "cobblemon:textures/pokemon/zygarde/complete_lights_20.png",
              "cobblemon:textures/pokemon/zygarde/complete_lights_21.png",
              "cobblemon:textures/pokemon/zygarde/complete_lights_22.png"
            ],
            "fps": 5,
            "loop": true,
            "translucent": false
          }
        }
      ]
    },
    {
      "aspects": [ "shiny" , "complete-percent" ],
      "texture": "cobblemon:textures/pokemon/zygarde/zygarde_complete_shiny.png",
       "layers": [
        {
          "name": "glow",
          "emissive": true,
          "texture": "cobblemon:textures/pokemon/zygarde/zygarde_complete_emissive_shiny.png",
          "translucent": false
        },
        {
          "name": "glowlights",
          "emissive": true,
          "texture": {
            "frames": [
              "cobblemon:textures/pokemon/zygarde/complete_lights.png",
              "cobblemon:textures/pokemon/zygarde/complete_lights_2.png",
              "cobblemon:textures/pokemon/zygarde/complete_lights_3.png",
              "cobblemon:textures/pokemon/zygarde/complete_lights_3off.png",
              "cobblemon:textures/pokemon/zygarde/complete_lights_4semi.png",
              "cobblemon:textures/pokemon/zygarde/complete_lights_4.png",
              "cobblemon:textures/pokemon/zygarde/complete_lights_5.png",
              "cobblemon:textures/pokemon/zygarde/complete_lights_6.png",
              "cobblemon:textures/pokemon/zygarde/complete_lights_7.png",
              "cobblemon:textures/pokemon/zygarde/complete_lights_8semi.png",
              "cobblemon:textures/pokemon/zygarde/complete_lights_8.png",
              "cobblemon:textures/pokemon/zygarde/complete_lights_9.png",
              "cobblemon:textures/pokemon/zygarde/complete_lights_10.png",
              "cobblemon:textures/pokemon/zygarde/complete_lights_11.png",
              "cobblemon:textures/pokemon/zygarde/complete_lights_12semi.png",
              "cobblemon:textures/pokemon/zygarde/complete_lights_12.png",
              "cobblemon:textures/pokemon/zygarde/complete_lights_13.png",
              "cobblemon:textures/pokemon/zygarde/complete_lights_14.png",
              "cobblemon:textures/pokemon/zygarde/complete_lights_15.png",
              "cobblemon:textures/pokemon/zygarde/complete_lights_16.png",
              "cobblemon:textures/pokemon/zygarde/complete_lights_17.png",
              "cobblemon:textures/pokemon/zygarde/complete_lights_18.png",
              "cobblemon:textures/pokemon/zygarde/complete_lights_19.png",
              "cobblemon:textures/pokemon/zygarde/complete_lights_20.png",
              "cobblemon:textures/pokemon/zygarde/complete_lights_21.png",
              "cobblemon:textures/pokemon/zygarde/complete_lights_22.png"
            ],
            "fps": 5,
            "loop": true,
            "translucent": false
          }
        }
      ]
    }
  ]
}