{
  "species": "cobblemon:necrozma",
  "order": 1,
  "variations": [
    {
      "aspects": [],
      "poser": "cobblemon:necrozma",
      "model": "cobblemon:necrozma.geo",
      "texture": "cobblemon:textures/pokemon/necrozma/necrozma.png",
      "layers": [
        {
          "name": "glow",
          "emissive": true,
          "texture": "cobblemon:textures/pokemon/necrozma/necrozma_emissive.png",
          "translucent": false
        }
      ] 
    },
    {
      "aspects": [ "shiny" ],
      "texture": "cobblemon:textures/pokemon/necrozma/necrozma_shiny.png",
      "layers": [
        {
          "name": "glow",
          "emissive": true,
          "texture": "cobblemon:textures/pokemon/necrozma/necrozma_emissive.png",
          "translucent": false
        }
      ]
    },
    {
      "aspects": [ "dusk-fusion" ],
      "poser": "cobblemon:necrozma_duskmane",
      "model": "cobblemon:necrozma_duskmane.geo",
      "texture": "cobblemon:textures/pokemon/necrozma/necrozma_duskmane.png",
      "layers": [
        {
          "name": "glow",
          "emissive": true,
          "texture": "cobblemon:textures/pokemon/necrozma/necrozma_duskmane_emissive.png",
          "translucent": false
        },
        {
          "name": "translucent",
          "emissive": false,
          "texture": "cobblemon:textures/pokemon/necrozma/necrozma_duskmane_translucent.png",
          "translucent": true
        }
      ] 
    },
    {
      "aspects": [ "shiny" , "dusk-fusion" ],
      "texture": "cobblemon:textures/pokemon/necrozma/necrozma_duskmane_shiny.png",
      "layers": [
        {
          "name": "glow",
          "emissive": true,
          "texture": "cobblemon:textures/pokemon/necrozma/necrozma_duskmane_shiny_emissive.png",
          "translucent": false
        },
        {
          "name": "translucent",
          "emissive": false,
          "texture": "cobblemon:textures/pokemon/necrozma/necrozma_duskmane_shiny_translucent.png",
          "translucent": true
        }
      ]
    },
    {
      "aspects": [ "dawn-fusion" ],
      "poser": "cobblemon:necrozma_dawnwings",
      "model": "cobblemon:necrozma_dawnwings.geo",
      "texture": "cobblemon:textures/pokemon/necrozma/necrozma_dawnwings.png",
      "layers": [
        {
          "name": "glow",
          "emissive": true,
          "texture": "cobblemon:textures/pokemon/necrozma/necrozma_dawnwings_emissive.png",
          "translucent": false
        },
        {
          "name": "translucent",
          "emissive": false,
          "texture": "cobblemon:textures/pokemon/necrozma/necrozma_dawnwings_translucent.png",
          "translucent": true
        }
      ] 
    },
    {
      "aspects": [ "shiny" , "dawn-fusion" ],
      "texture": "cobblemon:textures/pokemon/necrozma/necrozma_dawnwings_shiny.png",
      "layers": [
        {
          "name": "glow",
          "emissive": true,
          "texture": "cobblemon:textures/pokemon/necrozma/necrozma_dawnwings_shiny_emissive.png",
          "translucent": false
        },
        {
          "name": "translucent",
          "emissive": false,
          "texture": "cobblemon:textures/pokemon/necrozma/necrozma_dawnwings_shiny_translucent.png",
          "translucent": true
        }
      ]
    }
  ]
}