{
	"format_version": "1.12.0",
	"minecraft:geometry": [
		{
			"description": {
				"identifier": "geometry.mr_mime_galarian",
				"texture_width": 128,
				"texture_height": 128,
				"visible_bounds_width": 5,
				"visible_bounds_height": 4.5,
				"visible_bounds_offset": [0, 1.75, 0]
			},
			"bones": [
				{
					"name": "mr_mime",
					"pivot": [0, 0, 0]
				},
				{
					"name": "body",
					"parent": "mr_mime",
					"pivot": [0, 0, 0]
				},
				{
					"name": "legs",
					"parent": "body",
					"pivot": [0, 0, -1]
				},
				{
					"name": "leg1",
					"parent": "legs",
					"pivot": [-1, 0, -1],
					"cubes": [
						{"origin": [-5, 8.5, -0.51], "size": [3, 7, 4], "uv": [64, 34]}
					]
				},
				{
					"name": "leg_parte1",
					"parent": "leg1",
					"pivot": [-1, 0, -1],
					"cubes": [
						{"origin": [-4.5, 4.7, -0.5], "size": [2, 4, 3], "uv": [0, 77]}
					]
				},
				{
					"name": "boot_leg1",
					"parent": "leg_parte1",
					"pivot": [-1, 0, -1],
					"cubes": [
						{"origin": [-5.5, 4, -1], "size": [4, 2, 4], "uv": [40, 71]}
					]
				},
				{
					"name": "boot1",
					"parent": "boot_leg1",
					"pivot": [-1, 0, -1],
					"cubes": [
						{"origin": [-5, 0, -7], "size": [3, 5, 4], "uv": [68, 52]},
						{"origin": [-5, 0, -1], "size": [3, 4, 4], "uv": [70, 15]},
						{"origin": [-5, 1.5, -4], "size": [3, 3, 4], "inflate": -0.0001, "pivot": [0.75, 2.25, 2], "rotation": [12.5, 0, 0], "uv": [14, 73]}
					]
				},
				{
					"name": "leg2",
					"parent": "legs",
					"pivot": [1, 0, -1],
					"cubes": [
						{"origin": [2, 8.5, -0.51], "size": [3, 7, 4], "uv": [64, 34], "mirror": true}
					]
				},
				{
					"name": "leg_parte2",
					"parent": "leg2",
					"pivot": [1, 0, -1],
					"cubes": [
						{"origin": [2.5, 4.7, -0.5], "size": [2, 4, 3], "uv": [0, 77], "mirror": true}
					]
				},
				{
					"name": "boot_leg2",
					"parent": "leg_parte2",
					"pivot": [1, 0, -1],
					"cubes": [
						{"origin": [1.5, 4, -1], "size": [4, 2, 4], "uv": [40, 71], "mirror": true}
					]
				},
				{
					"name": "boot2",
					"parent": "boot_leg2",
					"pivot": [1, 0, -1],
					"cubes": [
						{"origin": [2, 0, -7], "size": [3, 5, 4], "uv": [68, 52], "mirror": true},
						{"origin": [2, 1.5, -4], "size": [3, 3, 4], "inflate": -0.0001, "pivot": [-0.75, 2.25, 2], "rotation": [12.5, 0, 0], "uv": [14, 73], "mirror": true},
						{"origin": [2, 0, -1], "size": [3, 4, 4], "uv": [70, 15], "mirror": true}
					]
				},
				{
					"name": "torso",
					"parent": "body",
					"pivot": [0, 0, 2],
					"cubes": [
						{"origin": [-6.5, 17, -5], "size": [13, 11, 13], "uv": [0, 0]},
						{"origin": [8, 24.5, -5.7], "size": [5, 5, 1], "pivot": [9, 13, -8], "rotation": [0, 0, -45], "uv": [28, 73]},
						{"origin": [-5, 14.5, -4.2], "size": [10, 3, 11], "uv": [0, 24]}
					]
				},
				{
					"name": "hands",
					"parent": "torso",
					"pivot": [0, 0, 2]
				},
				{
					"name": "hand1",
					"parent": "hands",
					"pivot": [0, 2, 2],
					"cubes": [
						{"origin": [-10, 25, -0.6], "size": [5, 5, 5], "uv": [20, 63]}
					]
				},
				{
					"name": "hand_parte1",
					"parent": "hand1",
					"pivot": [0, 2, 2],
					"cubes": [
						{"origin": [-15, 27, 1.4], "size": [7, 1, 1], "uv": [72, 31]}
					]
				},
				{
					"name": "hand_mini1",
					"parent": "hand_parte1",
					"pivot": [-15, 28, 2],
					"cubes": [
						{"origin": [-23, 27, 1.4], "size": [8, 1, 1], "uv": [42, 36]}
					]
				},
				{
					"name": "fist1",
					"parent": "hand_mini1",
					"pivot": [-8, 1, 2],
					"cubes": [
						{"origin": [-27, 26, -1], "size": [4, 3, 5], "uv": [40, 63]}
					]
				},
				{
					"name": "fist_nail1",
					"parent": "fist1",
					"pivot": [-8, 1, 2],
					"cubes": [
						{"origin": [-30, 26.6, -1], "size": [3, 2, 5], "uv": [64, 45]}
					]
				},
				{
					"name": "fist_nail2",
					"parent": "fist1",
					"pivot": [-8, 1, 2],
					"cubes": [
						{"origin": [-30, 27, -1], "size": [4, 2, 1], "inflate": -0.0001, "pivot": [-26, 27, 2], "rotation": [0, -47.5, 0], "uv": [78, 3]}
					]
				},
				{
					"name": "hand2",
					"parent": "hands",
					"pivot": [0, 2, 2],
					"cubes": [
						{"origin": [5, 25, -0.6], "size": [5, 5, 5], "uv": [20, 63], "mirror": true}
					]
				},
				{
					"name": "hand_parte2",
					"parent": "hand2",
					"pivot": [0, 2, 2],
					"cubes": [
						{"origin": [8, 27, 1.4], "size": [7, 1, 1], "uv": [72, 31], "mirror": true}
					]
				},
				{
					"name": "hand_mini2",
					"parent": "hand_parte2",
					"pivot": [15, 28, 2],
					"cubes": [
						{"origin": [15, 27, 1.4], "size": [8, 1, 1], "uv": [42, 36], "mirror": true}
					]
				},
				{
					"name": "fist2",
					"parent": "hand_mini2",
					"pivot": [8, 1, 2],
					"cubes": [
						{"origin": [23, 26, -1], "size": [4, 3, 5], "uv": [40, 63], "mirror": true}
					]
				},
				{
					"name": "fist_nail3",
					"parent": "fist2",
					"pivot": [8, 1, 2],
					"cubes": [
						{"origin": [27, 26.6, -1], "size": [3, 2, 5], "uv": [64, 45], "mirror": true}
					]
				},
				{
					"name": "fist_nail4",
					"parent": "fist2",
					"pivot": [8, 1, 2],
					"cubes": [
						{"origin": [26, 27, -1], "size": [4, 2, 1], "inflate": -0.0001, "pivot": [26, 27, 2], "rotation": [0, 47.5, 0], "uv": [78, 3], "mirror": true}
					]
				},
				{
					"name": "head",
					"parent": "torso",
					"pivot": [0, 28, 2],
					"cubes": [
						{"origin": [-5, 27, -3], "size": [10, 9, 9], "uv": [0, 38]},
						{"origin": [-1, 30.5, -3.01], "size": [2, 1, 0], "uv": [64, 23]},
						{"origin": [-0.5, 31, -3.02], "size": [1, 1, 0], "uv": [36, 60]},
						{"origin": [-4, 27, 5], "size": [8, 4, 2], "uv": [58, 63]},
						{"origin": [-5.5, 27, -4], "size": [2, 4, 11], "uv": [38, 38]},
						{"origin": [3.5, 27, -4], "size": [2, 4, 11], "uv": [52, 0]}
					]
				},
				{
					"name": "chifres",
					"parent": "head",
					"pivot": [0, 29, 3]
				},
				{
					"name": "chifre1",
					"parent": "chifres",
					"pivot": [-7, 28, 4],
					"rotation": [0, 0, 25],
					"cubes": [
						{"origin": [-21.3, 30.5, 1.5], "size": [15, 10, 0], "uv": [38, 53]}
					]
				},
				{
					"name": "chifre2",
					"parent": "chifres",
					"pivot": [7, 28, 4],
					"rotation": [0, 0, -25],
					"cubes": [
						{"origin": [6.3, 30.5, 1.5], "size": [15, 10, 0], "uv": [38, 53], "mirror": true}
					]
				},
				{
					"name": "mounchs",
					"parent": "head",
					"pivot": [0, 28, 2]
				},
				{
					"name": "smile",
					"parent": "mounchs",
					"pivot": [0, 28, 2],
					"cubes": [
						{"origin": [-2.5, 28.75, -3.01], "size": [5, 1, 0], "uv": [72, 33]},
						{"origin": [-3, 29.1, -3.02], "size": [6, 1, 0], "uv": [52, 23]}
					]
				},
				{
					"name": "mounch",
					"parent": "mounchs",
					"pivot": [0, 28, 6],
					"cubes": [
						{"origin": [-2, 28, -2.02], "size": [4, 2, 0], "uv": [2, 2]},
						{"origin": [-2.5, 29.4, -2.02], "size": [5, 1, 0], "uv": [0, 0]}
					]
				},
				{
					"name": "eyes",
					"parent": "head",
					"pivot": [0, 28, 2]
				},
				{
					"name": "eye1",
					"parent": "eyes",
					"pivot": [0, 28, 2],
					"rotation": [0, 0, -2.5],
					"cubes": [
						{"origin": [-3.5, 31, -3.01], "size": [2, 4, 0], "uv": [60, 34]},
						{"origin": [-2.8, 31.5, -3.02], "size": [1, 2, 0], "uv": [36, 56]}
					]
				},
				{
					"name": "eye2",
					"parent": "eyes",
					"pivot": [0, 28, 2],
					"rotation": [0, 0, 2.5],
					"cubes": [
						{"origin": [1.5, 31, -3.01], "size": [2, 4, 0], "uv": [14, 66]},
						{"origin": [1.8, 31.5, -3.02], "size": [1, 2, 0], "uv": [36, 58]}
					]
				}
			]
		}
	]
}