{
    "form_apply_order": [
      "cafe-costume",
      "captain-costume",
      "chef-costume",
      "concert-costume",
      "costume_party-costume",
      "holiday-costume",
      "martial_arts-costume",
      "ruins-costume",
      "space-costume",
      "no-costume"
    ],
    "aspect_conditions": [ 
        {
            "required_aspects_apply": [],
            "blacklist_aspects_apply": [
                ["cafe-costume"],
                ["captain-costume"],
                ["chef-costume"],
                ["concert-costume"],
                ["costume_party-costume"],
                ["holiday-costume"],
                ["martial_arts-costume"],
                ["ruins-costume"],
                ["space-costume"]
            ],
            "apply_aspects": ["costume=cafe"]
        },
        {
            "required_aspects_apply": [["cafe-costume"]],
            "blacklist_aspects_apply": [
                ["captain-costume"],
                ["chef-costume"],
                ["concert-costume"],
                ["costume_party-costume"],
                ["holiday-costume"],
                ["martial_arts-costume"],
                ["ruins-costume"],
                ["space-costume"]
            ],
            "apply_aspects": ["costume=captain"]
        },
        {
            "required_aspects_apply": [["captain-costume"]],
            "blacklist_aspects_apply": [
                ["cafe-costume"],
                ["chef-costume"],
                ["concert-costume"],
                ["costume_party-costume"],
                ["holiday-costume"],
                ["martial_arts-costume"],
                ["ruins-costume"],
                ["space-costume"]
            ],
            "apply_aspects": ["costume=chef"]
        },
        {
            "required_aspects_apply": [["chef-costume"]],
            "blacklist_aspects_apply": [
                ["cafe-costume"],
                ["captain-costume"],
                ["concert-costume"],
                ["costume_party-costume"],
                ["holiday-costume"],
                ["martial_arts-costume"],
                ["ruins-costume"],
                ["space-costume"]
            ],
            "apply_aspects": ["costume=concert"]
        },
        {
            "required_aspects_apply": [["concert-costume"]],
            "blacklist_aspects_apply": [
                ["cafe-costume"],
                ["captain-costume"],
                ["chef-costume"],
                ["costume_party-costume"],
                ["holiday-costume"],
                ["martial_arts-costume"],
                ["ruins-costume"],
                ["space-costume"]
            ],
            "apply_aspects": ["costume=costume_party"]
        },
        {
            "required_aspects_apply": [["costume_party-costume"]],
            "blacklist_aspects_apply": [
                ["cafe-costume"],
                ["captain-costume"],
                ["chef-costume"],
                ["concert-costume"],
                ["holiday-costume"],
                ["martial_arts-costume"],
                ["ruins-costume"],
                ["space-costume"]
            ],
            "apply_aspects": ["costume=holiday"]
        },
        {
            "required_aspects_apply": [["holiday-costume"]],
            "blacklist_aspects_apply": [
                ["cafe-costume"],
                ["captain-costume"],
                ["chef-costume"],
                ["concert-costume"],
                ["costume_party-costume"],
                ["martial_arts-costume"],
                ["ruins-costume"],
                ["space-costume"]
            ],
            "apply_aspects": ["costume=martial_arts"]
        },
        {
            "required_aspects_apply": [["martial_arts-costume"]],
            "blacklist_aspects_apply": [
                ["cafe-costume"],
                ["captain-costume"],
                ["chef-costume"],
                ["concert-costume"],
                ["costume_party-costume"],
                ["holiday-costume"],
                ["ruins-costume"],
                ["space-costume"]
            ],
            "apply_aspects": ["costume=ruins"]
        },
        {
            "required_aspects_apply": [["ruins-costume"]],
            "blacklist_aspects_apply": [
                ["cafe-costume"],
                ["captain-costume"],
                ["chef-costume"],
                ["concert-costume"],
                ["costume_party-costume"],
                ["holiday-costume"],
                ["martial_arts-costume"],
                ["space-costume"]
            ],
            "apply_aspects": ["costume=space"]
        },
        {
            "required_aspects_apply": [["space-costume"]],
            "blacklist_aspects_apply": [
                ["cafe-costume"],
                ["captain-costume"],
                ["chef-costume"],
                ["concert-costume"],
                ["costume_party-costume"],
                ["holiday-costume"],
                ["martial_arts-costume"],
                ["ruins-costume"]
            ],
            "apply_aspects": ["costume=no"]
        }
    ],
    "form_aspect_apply_order": [
        ["costume=cafe"],
        ["costume=captain"],
        ["costume=chef"],
        ["costume=concert"],
        ["costume=costume_party"],
        ["costume=holiday"],
        ["costume=martial_arts"],
        ["costume=ruins"],
        ["costume=space"],
        ["costume=no"]
    ],
    "pokemons": ["Lucario"], 
    "effects": [
        "mega_showdown:costume_box",
        "mega_showdown:costume_box",
        "mega_showdown:costume_box",
        "mega_showdown:costume_box",
        "mega_showdown:costume_box",
        "mega_showdown:costume_box",
        "mega_showdown:costume_box",
        "mega_showdown:costume_box",
        "mega_showdown:costume_box",
        "mega_showdown:costume_box"
    ],
    "consume": 0
}