{
	"format_version": "1.8.0",
	"animations": {
		"animation.heliolisk.blink": {
			"animation_length": 0.1667,
			"bones": {
				"eye_pupiled1": {
					"position": {
						"0.0": [-1, 0, 0],
						"0.1667": [0, 0, 0]
					}
				},
				"eye_pupiled2": {
					"position": {
						"0.0": [1, 0, 0],
						"0.1667": [0, 0, 0]
					}
				}
			}
		},
		"animation.heliolisk.ground_idle": {
			"loop": true,
			"bones": {
				"leg1": {
					"rotation": [-9.40828, -8.23239, -16.16432],
					"position": [-1, -0.3, -1]
				},
				"leg_part1": {
					"rotation": [24.23992, -5.49423, 16.62141]
				},
				"leg_mini1": {
					"rotation": [-12.47178, -0.65182, -4.95744]
				},
				"leg_nail1": {
					"rotation": [0, -15, 0],
					"position": [0.5, 0, 0.5]
				},
				"leg_nail2": {
					"rotation": [0, 15, 0],
					"position": [-0.5, 0, 0.5]
				},
				"leg2": {
					"rotation": [-9.40828, 8.23239, 16.16432],
					"position": [1, -0.3, -1]
				},
				"leg_part2": {
					"rotation": [24.43839, 4.46375, -17.5]
				},
				"leg_mini2": {
					"rotation": [-12.47178, 0.65182, 4.95744]
				},
				"leg_nail4": {
					"rotation": [0, 15, 0],
					"position": [-0.5, 0, 0.5]
				},
				"leg_nail5": {
					"rotation": [0, -15, 0],
					"position": [0.5, 0, 0.5]
				},
				"torso": {
					"rotation": ["17.5+Math.sin(query.anim_time*90*8-90)*2", "0+Math.sin(q.anim_time*90*4+100)*4", "0+math.cos(q.anim_time*90*4+90)*2"],
					"position": [0, "-1+Math.sin(q.anim_time*90*8-90)*0.2", 0]
				},
				"torso2": {
					"rotation": [-12.5, 0, 0],
					"position": [0, -1, 0.8]
				},
				"hand1": {
					"rotation": [13.24073, 19.78141, 48.32479]
				},
				"hand_part1": {
					"rotation": [39.24027, 16.32555, 67.55969]
				},
				"hand_mini1": {
					"rotation": [0, 0, 27.5]
				},
				"hand2": {
					"rotation": [13.24073, -19.78141, -48.32479]
				},
				"hand_part2": {
					"rotation": [39.24027, -16.32555, -67.55969]
				},
				"hand_mini2": {
					"rotation": [0, 0, -27.5]
				},
				"head": {
					"rotation": ["0+Math.sin(q.anim_time*90*8-15)*2", 0, 0]
				},
				"tail": {
					"rotation": ["-40.158737433+Math.cos(q.anim_time*90*4+90)*2", "-7.0453261831+Math.sin(q.anim_time*90*4+180)*6", 2.57816],
					"position": [0, 1, -4]
				},
				"tail2": {
					"rotation": ["12.6044295435-Math.sin(q.anim_time*90*4+90)*2", "-7.3212340667+Math.sin(q.anim_time*90*4+90)*4", -1.63219]
				},
				"tail3": {
					"rotation": [5, "15+Math.cos(q.anim_time*90*4+90)*5", 0]
				},
				"tail4": {
					"rotation": ["12.5+Math.sin(q.anim_time*90*4+90)*3", "20+Math.sin(q.anim_time*90*4+90)*4", 0]
				},
				"tail5": {
					"rotation": [-15, 17.5, 0]
				},
				"tail6": {
					"rotation": [-15, 17.5, 0],
					"position": [0, 0, -1]
				},
				"torso_sun": {
					"position": [0, 1, 0]
				},
				"sun1": {
					"rotation": [60, 0, 0]
				},
				"sun2": {
					"rotation": [80, 0, 0],
					"position": [0, 0, 4]
				},
				"sun3": {
					"rotation": [60, 0, 0]
				},
				"sun4": {
					"rotation": [80, 0, 0],
					"position": [2, 0, 4]
				},
				"sun8": {
					"rotation": [80, 0, 0],
					"position": [-2, 0, 3]
				},
				"sun6": {
					"rotation": [60, 0, 0]
				},
				"sun5": {
					"rotation": [1.25967, 14.66472, 57.06658],
					"position": [0, 0, 2]
				},
				"sun7": {
					"rotation": [1.25967, -14.66472, -57.06658],
					"position": [-1, 0, 2]
				},
				"sun_battle": {
					"scale": 0
				}
			}
		},
		"animation.heliolisk.ground_walk": {
			"loop": true,
			"animation_length": 1,
			"bones": {
				"leg1": {
					"rotation": {
						"0.0": {
							"post": [-43.77645, -11.71267, -19.80996],
							"lerp_mode": "catmullrom"
						},
						"0.2917": {
							"post": [4.25413, -12.54455, -16.23076],
							"lerp_mode": "catmullrom"
						},
						"0.5": {
							"post": [18.38495, -12.98152, -17.75592],
							"lerp_mode": "catmullrom"
						},
						"0.75": {
							"post": [-27.38325, -12.34709, -18.78294],
							"lerp_mode": "catmullrom"
						},
						"1.0": {
							"post": [-43.77645, -11.71267, -19.80996],
							"lerp_mode": "catmullrom"
						}
					},
					"position": {
						"0.0": {
							"post": [-1, -0.3, -1],
							"lerp_mode": "catmullrom"
						},
						"0.3333": {
							"post": [-1, -1.3, 0],
							"lerp_mode": "catmullrom"
						},
						"0.5": {
							"post": [-1, -0.3, -1],
							"lerp_mode": "catmullrom"
						},
						"0.7917": {
							"post": [-1, -0.17, -3.12],
							"lerp_mode": "catmullrom"
						},
						"1.0": {
							"post": [-1, -0.3, -1],
							"lerp_mode": "catmullrom"
						}
					}
				},
				"leg_part1": {
					"rotation": {
						"0.0": {
							"post": [29.59527, -3.42621, 12.05504],
							"lerp_mode": "catmullrom"
						},
						"0.25": {
							"post": [33.50241, -3.15309, 11.10442],
							"lerp_mode": "catmullrom"
						},
						"0.5": {
							"post": [12.40954, -2.87997, 10.15379],
							"lerp_mode": "catmullrom"
						},
						"0.75": {
							"post": [8.53678, 1.00808, 7.81072],
							"lerp_mode": "catmullrom"
						},
						"1.0": {
							"post": [29.59527, -3.42621, 12.05504],
							"lerp_mode": "catmullrom"
						}
					}
				},
				"leg_mini1": {
					"rotation": {
						"0.0": [-4.97178, -0.65182, -4.95744],
						"0.25": [-23.72178, -0.65182, -4.95744],
						"0.5": [-12.47178, -0.65182, -4.95744],
						"0.75": [21.27822, -0.65182, -4.95744],
						"1.0": [-4.97178, -0.65182, -4.95744]
					},
					"position": {
						"0.0": [0, 0, 0],
						"0.25": [0, -1.16, 0],
						"0.5": [0, -0.33, 0],
						"0.75": [0, 1, 0],
						"1.0": [0, 0, 0]
					}
				},
				"leg2": {
					"rotation": {
						"0.0": {
							"post": [18.38495, 12.98152, 17.75592],
							"lerp_mode": "catmullrom"
						},
						"0.2917": {
							"post": [-37.49882, 12.20281, 19.01652],
							"lerp_mode": "catmullrom"
						},
						"0.5": {
							"post": [-43.77645, 11.71267, 19.80996],
							"lerp_mode": "catmullrom"
						},
						"0.75": {
							"post": [9.80425, 12.34709, 18.78294],
							"lerp_mode": "catmullrom"
						},
						"1.0": {
							"post": [18.38495, 12.98152, 17.75592],
							"lerp_mode": "catmullrom"
						}
					},
					"position": {
						"0.0": {
							"post": [1, -0.3, -1],
							"lerp_mode": "catmullrom"
						},
						"0.3333": {
							"post": [1, -0.3, -2.12],
							"lerp_mode": "catmullrom"
						},
						"0.5417": {
							"post": [1, -0.3, -1],
							"lerp_mode": "catmullrom"
						},
						"0.7917": {
							"post": [1, -0.3, 0],
							"lerp_mode": "catmullrom"
						},
						"1.0": {
							"post": [1, -0.3, -1],
							"lerp_mode": "catmullrom"
						}
					}
				},
				"leg_part2": {
					"rotation": {
						"0.0": {
							"post": [12.40954, 2.87997, -10.15379],
							"lerp_mode": "catmullrom"
						},
						"0.25": {
							"post": [15.63074, 3.22074, -11.33987],
							"lerp_mode": "catmullrom"
						},
						"0.5": {
							"post": [29.59527, 3.42621, -12.05504],
							"lerp_mode": "catmullrom"
						},
						"0.75": {
							"post": [42.29887, 3.14464, -11.07499],
							"lerp_mode": "catmullrom"
						},
						"1.0": {
							"post": [12.40954, 2.87997, -10.15379],
							"lerp_mode": "catmullrom"
						}
					}
				},
				"leg_mini2": {
					"rotation": {
						"0.0": [-12.47178, 0.65182, 4.95744],
						"0.25": [-3.09678, 0.65182, 4.95744],
						"0.5": [-4.97178, 0.65182, 4.95744],
						"0.75": [-6.23075, 3.13708, 4.68617],
						"1.0": [-12.47178, 0.65182, 4.95744]
					}
				},
				"torso": {
					"rotation": ["17.5+Math.sin(query.anim_time*90*8-90)*5", "0+Math.sin(q.anim_time*90*4+100)*12", "0+math.cos(q.anim_time*90*4+90)*6"],
					"position": [0, "-1+Math.sin(q.anim_time*90*8-90)*0.2", 0]
				},
				"torso2": {
					"rotation": {
						"0.0": [-12.5, 0, 0],
						"1.0": [-12.5, 0, 0]
					},
					"position": {
						"0.0": [0, -1, 0.8],
						"1.0": [0, -1, 0.8]
					}
				},
				"hand1": {
					"rotation": {
						"0.0": [13.24073, 19.78141, 48.32479],
						"1.0": [13.24073, 19.78141, 48.32479]
					}
				},
				"hand_part1": {
					"rotation": {
						"0.0": [39.24027, 16.32555, 67.55969],
						"1.0": [39.24027, 16.32555, 67.55969]
					}
				},
				"hand_mini1": {
					"rotation": {
						"0.0": [0, 0, 27.5],
						"1.0": [0, 0, 27.5]
					}
				},
				"hand2": {
					"rotation": {
						"0.0": [13.24073, -19.78141, -48.32479],
						"1.0": [13.24073, -19.78141, -48.32479]
					}
				},
				"hand_part2": {
					"rotation": {
						"0.0": [39.24027, -16.32555, -67.55969],
						"1.0": [39.24027, -16.32555, -67.55969]
					}
				},
				"hand_mini2": {
					"rotation": {
						"0.0": [0, 0, -27.5],
						"1.0": [0, 0, -27.5]
					}
				},
				"head": {
					"rotation": ["0+Math.sin(q.anim_time*90*8-15)*4", 0, 0]
				},
				"tail": {
					"rotation": ["-40.158737433+Math.cos(q.anim_time*90*4+90)*2", "-7.0453261831+Math.sin(q.anim_time*90*4+180)*18", 2.57816],
					"position": [0, 1, -4]
				},
				"tail2": {
					"rotation": ["12.6044295435-Math.sin(q.anim_time*90*4+90)*8", "-7.3212340667+Math.sin(q.anim_time*90*4+90)*16", -1.63219]
				},
				"tail3": {
					"rotation": [5, "15+Math.cos(q.anim_time*90*4+90)*20", 0]
				},
				"tail4": {
					"rotation": ["12.5+Math.sin(q.anim_time*90*4+90)*12", "20+Math.sin(q.anim_time*90*4+90)*16", 0]
				},
				"tail5": {
					"rotation": {
						"0.0": [-15, 17.5, 0],
						"1.0": [-15, 17.5, 0]
					}
				},
				"tail6": {
					"rotation": {
						"0.0": [-15, 17.5, 0],
						"1.0": [-15, 17.5, 0]
					},
					"position": {
						"0.0": [0, 0, -1],
						"1.0": [0, 0, -1]
					}
				},
				"torso_sun": {
					"position": {
						"0.0": [0, 1, 0],
						"1.0": [0, 1, 0]
					}
				},
				"sun1": {
					"rotation": {
						"0.0": [60, 0, 0],
						"1.0": [60, 0, 0]
					}
				},
				"sun2": {
					"rotation": {
						"0.0": [80, 0, 0],
						"1.0": [80, 0, 0]
					},
					"position": {
						"0.0": [0, 0, 4],
						"1.0": [0, 0, 4]
					}
				},
				"sun3": {
					"rotation": {
						"0.0": [60, 0, 0],
						"1.0": [60, 0, 0]
					}
				},
				"sun4": {
					"rotation": {
						"0.0": [80, 0, 0],
						"1.0": [80, 0, 0]
					},
					"position": {
						"0.0": [2, 0, 4],
						"1.0": [2, 0, 4]
					}
				},
				"sun8": {
					"rotation": {
						"0.0": [80, 0, 0],
						"1.0": [80, 0, 0]
					},
					"position": {
						"0.0": [-2, 0, 3],
						"1.0": [-2, 0, 3]
					}
				},
				"sun6": {
					"rotation": {
						"0.0": [60, 0, 0],
						"1.0": [60, 0, 0]
					}
				},
				"sun5": {
					"rotation": {
						"0.0": [1.25967, 14.66472, 57.06658],
						"1.0": [1.25967, 14.66472, 57.06658]
					},
					"position": {
						"0.0": [0, 0, 2],
						"1.0": [0, 0, 2]
					}
				},
				"sun7": {
					"rotation": {
						"0.0": [1.25967, -14.66472, -57.06658],
						"1.0": [1.25967, -14.66472, -57.06658]
					},
					"position": {
						"0.0": [-1, 0, 2],
						"1.0": [-1, 0, 2]
					}
				},
				"sun_battle": {
					"scale": {
						"0.0": [0, 0, 0],
						"1.0": [0, 0, 0]
					}
				}
			}
		},
		"animation.heliolisk.recoil": {
			"animation_length": 0.75,
			"bones": {
				"torso": {
					"rotation": {
						"0.0": {
							"post": [0, 0, 0],
							"lerp_mode": "catmullrom"
						},
						"0.0417": {
							"post": [-5, 0, 0],
							"lerp_mode": "catmullrom"
						},
						"0.25": {
							"post": [-10, 0, 0],
							"lerp_mode": "catmullrom"
						},
						"0.75": {
							"post": [0, 0, 0],
							"lerp_mode": "catmullrom"
						}
					}
				},
				"head": {
					"rotation": {
						"0.0": {
							"post": [0, 0, 0],
							"lerp_mode": "catmullrom"
						},
						"0.0417": {
							"post": [-10, 0, 0],
							"lerp_mode": "catmullrom"
						},
						"0.25": {
							"post": [-20, 0, 0],
							"lerp_mode": "catmullrom"
						},
						"0.75": {
							"post": [0, 0, 0],
							"lerp_mode": "catmullrom"
						}
					}
				},
				"eye_pupiled1": {
					"position": {
						"0.0": [0, 0, 0],
						"0.0417": [-1, 0, 0],
						"0.75": [0, 0, 0]
					}
				},
				"eye_pupiled2": {
					"position": {
						"0.0": [0, 0, 0],
						"0.0417": [1, 0, 0],
						"0.75": [0, 0, 0]
					}
				}
			}
		}
	}
}