{
  "implemented": true,
  "nationalPokedexNumber": 59,
  "name": "Arcanine",
  "primaryType": "fire",
  "maleRatio": 0.75,
  "height": 19,
  "weight": 1550,
  "pokedex": [
    "cobblemon.species.arcanine.desc"
  ],
  "labels": [
    "gen1",
    "kantonian_form"
  ],
  "aspects": [],
  "abilities": [
    "intimidate",
    "flashfire",
    "h:justified"
  ],
  "eggGroups": [
    "field"
  ],
  "baseStats": {
    "hp": 90,
    "attack": 110,
    "defence": 80,
    "special_attack": 100,
    "special_defence": 80,
    "speed": 95
  },
  "evYield": {
    "hp": 0,
    "attack": 2,
    "defence": 0,
    "special_attack": 0,
    "special_defence": 0,
    "speed": 0
  },
  "baseExperienceYield": 194,
  "experienceGroup": "slow",
  "catchRate": 75,
  "eggCycles": 20,
  "baseFriendship": 50,
  "baseScale": 1.1,
  "hitbox": {
    "height": 1.7,
    "fixed": false,
    "width": 1.2
  },
  "riding": {
    "behaviours": {
      "LAND": {
        "key": "cobblemon:land/horse",
        "rideSounds": [],
        "stats": {
          "ACCELERATION": "70-90",
          "JUMP": "45-65",
          "SKILL": "40-80",
          "SPEED": "45-70",
          "STAMINA": "35-80"
        }
      }
    },
    "seats": [
      {
        "offset": {
          "x": 0.0,
          "y": 0.0,
          "z": 0.0
        },
        "poseOffsets": [
          {
            "offset": {
              "x": 1.8626451e-09,
              "y": -1.2779657,
              "z": 0.059787232
            },
            "poseTypes": [
              "STAND"
            ]
          },
          {
            "offset": {
              "x": 0.01673784,
              "y": -1.3045704,
              "z": 0.06801101
            },
            "poseTypes": [
              "WALK"
            ]
          },
          {
            "offset": {
              "x": -0.008335706,
              "y": -1.3077765,
              "z": 0.15360254
            },
            "poseTypes": [
              "HOVER"
            ]
          },
          {
            "offset": {
              "x": -0.008335706,
              "y": -1.3077765,
              "z": 0.15360254
            },
            "poseTypes": [
              "FLY"
            ]
          },
          {
            "offset": {
              "x": 1.8626451e-09,
              "y": -1.2779657,
              "z": 0.059787232
            },
            "poseTypes": [
              "FLOAT"
            ]
          },
          {
            "offset": {
              "x": 0.01673784,
              "y": -1.3045704,
              "z": 0.06801101
            },
            "poseTypes": [
              "SWIM"
            ]
          },
          {
            "offset": {
              "x": -0.008335706,
              "y": -1.3077765,
              "z": 0.15360254
            },
            "poseTypes": [
              "GLIDE"
            ]
          }
        ]
      }
    ]
  },
  "behaviour": {
    "entityInteract": {
      "avoidedBySkeleton": true
    },
    "moving": {
      "walk": {
        "walkSpeed": "0.25"
      },
      "swim": {
        "avoidsWater": true,
        "canSwimInLava": true
      }
    },
    "resting": {
      "canSleep": true,
      "light": "0-4",
      "drowsyChance": 0.0333,
      "rouseChance": 0.0042
    },
    "combat": {
      "willDefendSelf": true,
      "willDefendOwner": true,
      "willFlee": false
    },
    "fireImmune": true
  },
  "drops": {
    "amount": 3,
    "entries": [
      {
        "item": "minecraft:bone",
        "quantityRange": "0-2"
      },
      {
        "item": "cobblemon:rawst_berry",
        "percentage": 5.0
      }
    ]
  },
  "moves": [
    "1:bite",
    "1:roar",
    "1:firefang",
    "1:odorsleuth",
    "1:extremespeed",
    "1:helpinghand",
    "1:retaliate",
    "1:burnup",
    "1:flamewheel",
    "1:agility",
    "1:crunch",
    "1:takedown",
    "1:playrough",
    "1:reversal",
    "1:flareblitz",
    "1:ember",
    "1:leer",
    "1:howl",
    "1:flameburst",
    "5:flamethrower",
    "egg:burnup",
    "egg:covet",
    "egg:doubleedge",
    "egg:doublekick",
    "egg:morningsun",
    "egg:ragingfury",
    "egg:thrash",
    "tm:aerialace",
    "tm:agility",
    "tm:bodyslam",
    "tm:bulldoze",
    "tm:charm",
    "tm:closecombat",
    "tm:covet",
    "tm:crunch",
    "tm:curse",
    "tm:dig",
    "tm:doubleedge",
    "tm:dragonpulse",
    "tm:endure",
    "tm:facade",
    "tm:fireblast",
    "tm:firefang",
    "tm:firespin",
    "tm:flamecharge",
    "tm:flamethrower",
    "tm:flareblitz",
    "tm:gigaimpact",
    "tm:headbutt",
    "tm:heatcrash",
    "tm:heatwave",
    "tm:helpinghand",
    "tm:hyperbeam",
    "tm:hypervoice",
    "tm:incinerate",
    "tm:ironhead",
    "tm:irontail",
    "tm:laserfocus",
    "tm:outrage",
    "tm:overheat",
    "tm:playrough",
    "tm:protect",
    "tm:psychicfangs",
    "tm:rest",
    "tm:retaliate",
    "tm:reversal",
    "tm:roar",
    "tm:rockclimb",
    "tm:rocksmash",
    "tm:safeguard",
    "tm:scaryface",
    "tm:scorchingsands",
    "tm:sleeptalk",
    "tm:snarl",
    "tm:solarbeam",
    "tm:strength",
    "tm:substitute",
    "tm:sunnyday",
    "tm:swift",
    "tm:takedown",
    "tm:temperflare",
    "tm:terablast",
    "tm:thief",
    "tm:thunderfang",
    "tm:wildcharge",
    "tm:willowisp",
    "tutor:bulldoze",
    "tutor:covet",
    "tutor:dragonpulse",
    "tutor:firefang",
    "tutor:flamethrower",
    "tutor:gigaimpact",
    "tutor:heatwave",
    "tutor:helpinghand",
    "tutor:hyperbeam",
    "tutor:hypervoice",
    "tutor:ironhead",
    "tutor:irontail",
    "tutor:laserfocus",
    "tutor:outrage",
    "tutor:playrough",
    "tutor:rest",
    "tutor:rocksmash",
    "tutor:scorchingsands",
    "tutor:sleeptalk",
    "tutor:snarl",
    "tutor:swift",
    "tutor:thunderfang",
    "tutor:wildcharge",
    "legacy:attract",
    "legacy:bide",
    "legacy:captivate",
    "legacy:confide",
    "legacy:doubleteam",
    "legacy:dragonbreath",
    "legacy:dragonrage",
    "legacy:frustration",
    "legacy:hiddenpower",
    "legacy:mimic",
    "legacy:mudslap",
    "legacy:naturalgift",
    "legacy:rage",
    "legacy:reflect",
    "legacy:return",
    "legacy:round",
    "legacy:secretpower",
    "legacy:skullbash",
    "legacy:snore",
    "legacy:superpower",
    "legacy:swagger",
    "legacy:teleport",
    "legacy:toxic"
  ],
  "preEvolution": "growlithe",
  "evolutions": [],
  "forms": [
    {
      "name": "Hisui",
      "primaryType": "fire",
      "secondaryType": "rock",
      "maleRatio": 0.75,
      "height": 20,
      "weight": 1680,
      "pokedex": [
        "cobblemon.species.arcanine-hisui.desc"
      ],
      "labels": [
        "gen8a",
        "hisuian_form"
      ],
      "aspects": [
        "hisuian"
      ],
      "abilities": [
        "intimidate",
        "flashfire",
        "h:rockhead"
      ],
      "baseStats": {
        "hp": 95,
        "attack": 115,
        "defence": 80,
        "special_attack": 95,
        "special_defence": 80,
        "speed": 90
      },
      "riding": {
        "behaviours": {
          "LAND": {
            "key": "cobblemon:land/horse",
            "rideSounds": [],
            "stats": {
              "ACCELERATION": "70-90",
              "JUMP": "45-65",
              "SKILL": "40-80",
              "SPEED": "45-70",
              "STAMINA": "35-80"
            }
          }
        },
        "seats": [
          {
            "offset": {
              "x": 0.0,
              "y": 0.0,
              "z": 0.0
            },
            "poseOffsets": [
              {
                "offset": {
                  "x": 1.8626451e-09,
                  "y": -1.2779657,
                  "z": 0.059787232
                },
                "poseTypes": [
                  "STAND"
                ]
              },
              {
                "offset": {
                  "x": 0.01673784,
                  "y": -1.3045704,
                  "z": 0.06801101
                },
                "poseTypes": [
                  "WALK"
                ]
              },
              {
                "offset": {
                  "x": -0.008335706,
                  "y": -1.3077765,
                  "z": 0.15360254
                },
                "poseTypes": [
                  "HOVER"
                ]
              },
              {
                "offset": {
                  "x": -0.008335706,
                  "y": -1.3077765,
                  "z": 0.15360254
                },
                "poseTypes": [
                  "FLY"
                ]
              },
              {
                "offset": {
                  "x": 1.8626451e-09,
                  "y": -1.2779657,
                  "z": 0.059787232
                },
                "poseTypes": [
                  "FLOAT"
                ]
              },
              {
                "offset": {
                  "x": 0.01673784,
                  "y": -1.3045704,
                  "z": 0.06801101
                },
                "poseTypes": [
                  "SWIM"
                ]
              },
              {
                "offset": {
                  "x": -0.008335706,
                  "y": -1.3077765,
                  "z": 0.15360254
                },
                "poseTypes": [
                  "GLIDE"
                ]
              }
            ]
          }
        ]
      },
      "behaviour": {
        "moving": {
          "swim": {
            "avoidsWater": true,
            "canSwimInLava": true
          }
        },
        "entityInteract": {
          "avoidedBySkeleton": true
        },
        "combat": {
          "willDefendSelf": true,
          "willDefendOwner": true,
          "willFlee": false
        },
        "resting": {
          "drowsyChance": 0.0333,
          "rouseChance": 0.0042
        },
        "fireImmune": true
      },
      "moves": [
        "1:rockslide",
        "1:firefang",
        "1:extremespeed",
        "1:flamewheel",
        "1:flareblitz",
        "1:howl",
        "1:helpinghand",
        "1:crunch",
        "1:reversal",
        "1:retaliate",
        "1:takedown",
        "1:agility",
        "1:rockthrow",
        "1:ember",
        "1:roar",
        "1:bite",
        "1:leer",
        "5:flamethrower",
        "64:ragingfury",
        "egg:covet",
        "egg:doubleedge",
        "egg:doublekick",
        "egg:headsmash",
        "egg:morningsun",
        "egg:thrash",
        "tm:aerialace",
        "tm:agility",
        "tm:bodyslam",
        "tm:bulldoze",
        "tm:closecombat",
        "tm:covet",
        "tm:crunch",
        "tm:dig",
        "tm:doubleedge",
        "tm:dragonpulse",
        "tm:endure",
        "tm:facade",
        "tm:fireblast",
        "tm:firefang",
        "tm:firespin",
        "tm:flamecharge",
        "tm:flamethrower",
        "tm:flareblitz",
        "tm:gigaimpact",
        "tm:heatcrash",
        "tm:heatwave",
        "tm:helpinghand",
        "tm:hyperbeam",
        "tm:hypervoice",
        "tm:ironhead",
        "tm:irontail",
        "tm:outrage",
        "tm:overheat",
        "tm:powergem",
        "tm:protect",
        "tm:psychicfangs",
        "tm:rest",
        "tm:retaliate",
        "tm:reversal",
        "tm:roar",
        "tm:rockblast",
        "tm:rockslide",
        "tm:rocksmash",
        "tm:rocktomb",
        "tm:sandstorm",
        "tm:scaryface",
        "tm:scorchingsands",
        "tm:sleeptalk",
        "tm:smackdown",
        "tm:smartstrike",
        "tm:snarl",
        "tm:solarbeam",
        "tm:stealthrock",
        "tm:stoneedge",
        "tm:substitute",
        "tm:sunnyday",
        "tm:takedown",
        "tm:temperflare",
        "tm:terablast",
        "tm:thief",
        "tm:thunderfang",
        "tm:wildcharge",
        "tm:willowisp",
        "tutor:aerialace",
        "tutor:bulldoze",
        "tutor:covet",
        "tutor:dragonpulse",
        "tutor:firefang",
        "tutor:flamethrower",
        "tutor:gigaimpact",
        "tutor:heatwave",
        "tutor:helpinghand",
        "tutor:hyperbeam",
        "tutor:hypervoice",
        "tutor:ironhead",
        "tutor:irontail",
        "tutor:outrage",
        "tutor:rest",
        "tutor:rockslide",
        "tutor:rocksmash",
        "tutor:scorchingsands",
        "tutor:sleeptalk",
        "tutor:snarl",
        "tutor:stealthrock",
        "tutor:stoneedge",
        "tutor:thunderfang",
        "tutor:wildcharge"
      ],
      "preEvolution": "growlithe hisuian",
      "evolutions": [],
      "battleOnly": false
    }
  ],
  "features": [
    "hisuian"
  ]
}