{
  "species": "cobblemon:araquanid",
  "order": 1,
  "variations": [
    {
      "aspects": [],
      "poser": "cobblemon:araquanid",
      "model": "cobblemon:araquanid.geo",
      "texture": "cobblemon:textures/pokemon/araquanid/araquanid.png",
      "layers": [
        {
          "name": "glow",
          "texture": "cobblemon:textures/pokemon/araquanid/araquanid_emissive.png",
          "emissive": true
        },
        {
          "name": "translucent",
          "texture": "cobblemon:textures/pokemon/araquanid/araquanid_translucent.png",
          "translucent": true
        }
      ] 
    },
    {
      "aspects": [ "shiny" ],
      "texture": "cobblemon:textures/pokemon/araquanid/araquanid_shiny.png",
      "layers": [
        {
          "name": "glow",
          "texture": "cobblemon:textures/pokemon/araquanid/araquanid_emissive.png",
          "emissive": true
        },
        {
          "name": "translucent",
          "texture": "cobblemon:textures/pokemon/araquanid/araquanid_translucent.png",
          "translucent": true
        }     
      ]
    }
  ]
}