{
    "target": "cobblemon:archaludon",
    "implemented": true,
    "baseScale": 0.9,
    "hitbox": {
        "width": 1.0,
        "height": 2.2,
        "fixed": false
    },
	"behaviour": {
        "resting": {
            "canSleep": true,
            "depth": "normal",
            "light": "0-4"
        },
        "moving": {
            "canLook": false,
            "walk": {
				"walkSpeed": 0.180,
                "canWalk": true,
                "avoidsLand": false
            },
            "swim": {
                "swimSpeed": 0.1,
                "canSwimInWater": false,
                "canBreatheUnderwater": false
            }
        }
    }
}