{
    "target": "cobblemon:buzzwole",
	"implemented": true,
    "baseScale": 0.84,
    "hitbox": {
        "width": 1.8,
        "height": 3.0,
        "fixed": false
    },
	"behaviour": {
        "resting": {
            "canSleep": true,
            "depth": "normal",
            "light": "0-4"
        },
        "moving": {
            "canLook": false,
            "walk": {
				"walkSpeed": 0.175,
                "canWalk": true,
                "avoidsLand": false
            },
            "swim": {
                "swimSpeed": 0.1,
                "canSwimInWater": false,
                "canBreatheUnderwater": false
            }
        }
    }
}