{    
  "target": "cobblemon:chienpao",
  "implemented": true,
  "shoulderMountable": true,
  "baseScale": 1.3,
  "hitbox": {
    "width": 0.8,
    "height": 1.5,
    "fixed": false
  },
  "behaviour": {
    "herd": {
      "maxSize": "1"
    },
    "entityInteract": {
      "avoidedByCreeper": true,
      "avoidedByPhantom": true
    },
    "moving": {
      "swim": {
        "avoidsWater": true
      }
    },
    "combat": {
      "willDefendSelf": true,
      "willDefendOwner": true,
      "willFlee": false
    },
    "resting": {
      "times": [
        "any"
      ],
      "drowsyChance": 0.0014,
      "rouseChance": 0.0042
    }
  }
}