{
  "target": "cobblemon:chiyu",
  "implemented": true,
  "behaviour": {
    "herd": {
      "maxSize": "1"
    },
    "moving": {
      "swim": {
        "canBreatheUnderwater": true,
        "canSwimInLava": true
      },
      "fly": {
        "canFly": true
      },
      "walk": {
        "canWalk": false
      }
    },
    "combat": {
      "willDefendSelf": true,
      "willDefendOwner": true,
      "willFlee": false
    },
    "resting": {
      "times": [
        "any"
      ],
      "drowsyChance": 0.0014,
      "rouseChance": 0.0042
    },
    "fireImmune": true
  }
}