{
  "target": "cobblemon:cobalion",
	"implemented": true,
  "baseScale": 0.9,
  "hitbox": {
    "width": 1.4,
    "height": 2.5,
    "fixed": false
  },
  "behaviour": {
    "herd": {
      "maxSize": "1"
    },
    "resting": {
      "canSleep": true,
      "depth": "normal",
      "light": "0-4"
    },
    "moving": {
      "canLook": false,
      "walk": {
        "walkSpeed": 0.25,
        "canWalk": true,
        "avoidsLand": false
      },
      "swim": {
        "swimSpeed": 0.1,
        "canSwimInWater": false,
        "canBreatheUnderwater": false
      }
    }
  }
}