{
  "target": "cobblemon:dialga",
  "implemented": true,
  "baseScale": 1.1,
  "hitbox": {
    "width": 2.5,
    "height": 6.5,
    "fixed": false
  },
  "behaviour": {
    "herd": {
      "maxSize": "1"
    },
    "moving": {
      "walk": {
        "walkSpeed": 0.5
      }
    }
  },
  "features": ["reversion_state"],
  "forms": [
    {
      "name": "Primal",
      "primaryType": "steel",
      "secondaryType": "dragon",
      "maleRatio": 1,
      "height": 70,
      "weight": 8500,
      "abilities": ["fullmetalbody", "h:fullmetalbody"],
      "pokedex": ["cobblemon.species.dialga-primal.desc"],
      "labels": ["gen8a", "legendary", "restricted", "primal"],
      "aspects": ["primal"],
      "baseStats": {
        "hp": 100,
        "attack": 140,
        "defence": 140,
        "special_attack": 180,
        "special_defence": 110,
        "speed": 110
      },
      "moves": [
        "1:scaryface",
        "1:metalclaw",
        "8:dragonbreath",
        "16:ancientpower",
        "24:slash",
        "32:flashcannon",
        "40:dragonclaw",
        "48:aurasphere",
        "56:powergem",
        "64:metalburst",
        "72:earthpower",
        "80:irontail",
        "88:roaroftime",
        "tm:ancientpower",
        "tm:aurasphere",
        "tm:blizzard",
        "tm:bodypress",
        "tm:bodyslam",
        "tm:breakingswipe",
        "tm:brickbreak",
        "tm:bulkup",
        "tm:bulldoze",
        "tm:dracometeor",
        "tm:dragonclaw",
        "tm:dragonpulse",
        "tm:dragontail",
        "tm:earthpower",
        "tm:earthquake",
        "tm:endure",
        "tm:facade",
        "tm:fireblast",
        "tm:flamethrower",
        "tm:flashcannon",
        "tm:focusblast",
        "tm:gigaimpact",
        "tm:gravity",
        "tm:heavyslam",
        "tm:hyperbeam",
        "tm:hypervoice",
        "tm:icebeam",
        "tm:irondefense",
        "tm:ironhead",
        "tm:irontail",
        "tm:metalclaw",
        "tm:metalsound",
        "tm:outrage",
        "tm:overheat",
        "tm:powergem",
        "tm:protect",
        "tm:psychup",
        "tm:raindance",
        "tm:rest",
        "tm:roar",
        "tm:rockslide",
        "tm:rocksmash",
        "tm:rocktomb",
        "tm:sandstorm",
        "tm:scaleshot",
        "tm:scaryface",
        "tm:shadowclaw",
        "tm:sleeptalk",
        "tm:stealthrock",
        "tm:steelbeam",
        "tm:stompingtantrum",
        "tm:stoneedge",
        "tm:substitute",
        "tm:sunnyday",
        "tm:swift",
        "tm:takedown",
        "tm:terablast",
        "tm:thunder",
        "tm:thunderbolt",
        "tm:thunderwave",
        "tm:trick",
        "tm:trickroom",
        "tutor:ancientpower",
        "tutor:bulkup",
        "tutor:bulldoze",
        "tutor:dracometeor",
        "tutor:dragonpulse",
        "tutor:earthpower",
        "tutor:flamethrower",
        "tutor:flashcannon",
        "tutor:gigaimpact",
        "tutor:gravity",
        "tutor:hyperbeam",
        "tutor:hypervoice",
        "tutor:icebeam",
        "tutor:irondefense",
        "tutor:ironhead",
        "tutor:irontail",
        "tutor:outrage",
        "tutor:rest",
        "tutor:rockslide",
        "tutor:rocksmash",
        "tutor:scaleshot",
        "tutor:shadowclaw",
        "tutor:sleeptalk",
        "tutor:stealthrock",
        "tutor:steelbeam",
        "tutor:stompingtantrum",
        "tutor:stoneedge",
        "tutor:swift",
        "tutor:thunderbolt",
        "tutor:trick"
      ],
      "evolutions": [],
      "battleOnly": false
    }
  ]
}