{
  "target": "cobblemon:diancie",
  "implemented": true,
  "baseScale": 0.8,
  "hitbox": {
    "width": 0.8,
    "height": 1.6,
    "fixed": false
  },
  "behaviour": {
    "herd": {
      "maxSize": "6",
      "toleratedLeaders": [
        {
          "pokemon": "diancie mega",
          "tier": 1
        }
      ]
    },
    "resting": {
      "times": [
        "any"
      ],
      "drowsyChance": 0.0014,
      "rouseChance": 0.0042
    },
    "moving": {
      "swim": {
        "avoidsWater": true,
        "canSwimInLava": true
      },
      "fly": {
        "canFly": true
      },
      "walk": {
        "walkSpeed": 0.33
      }
    },
    "combat": {
      "willDefendSelf": true,
      "willDefendOwner": true,
      "willFlee": false
    },
    "fireImmune": true
  }
}