{
    "target": "cobblemon:duraludon",
    "implemented": true,
    "baseScale": 1.45,
    "hitbox": {
        "width": 1.0,
        "height": 2.0,
        "fixed": false
    },
	"drops": {
        "amount": 1,
        "entries": [
          {
            "item": "cobblemon:metal_alloy",
            "percentage": 75.0
          }
        ]
    },
    "behaviour": {
        "resting": {
            "canSleep": true,
            "depth": "normal",
            "light": "0-4"
        },
        "moving": {
            "canLook": false,
            "walk": {
                "canWalk": true,
        		"walkSpeed": 0.180,
                "avoidsLand": false
            },
            "swim": {
                "swimSpeed": 0.1,
                "canSwimInWater": false,
                "canBreatheUnderwater": false
            }
        }
    }
}