{
  "target": "cobblemon:entei",
  "implemented": true,
  "baseScale": 0.75,
  "hitbox": {
    "width": 2,
    "height": 2,
    "fixed": false
  },
  "riding": {
    "behaviours": {
      "LAND": {
        "key": "cobblemon:land/horse",
        "rideSounds": [],
        "stats": {
          "ACCELERATION": "30-60",
          "JUMP": "30-65",
          "SKILL": "20-50",
          "SPEED": "20-40",
          "STAMINA": "60-120"
        }
      }
    },
    "seats": [
      {
        "offset": {
          "x": 0.0,
          "y": 0.0,
          "z": 0.0
        }
      }
    ]
  },
  "behaviour": {
    "moving": {
      "herd": {
        "maxSize": "1"
      },
      "swim": {
        "avoidsWater": true,
        "canSwimInLava": true
      }
    },
    "combat": {
      "willDefendSelf": true,
      "willDefendOwner": true,
      "willFlee": false
    },
    "resting": {
      "drowsyChance": 0.0333,
      "rouseChance": 0.0042
    },
    "fireImmune": true
  }
}