{
    "target": "cobblemon:fluttermane",
    "implemented": true,
    "baseScale": 0.7,
    "hitbox": {
        "width": 1.2,
        "height": 2.0,
        "fixed": false
    },
    "behaviour": {
        "resting": {
            "canSleep": true,
            "depth": "normal",
            "light": "4-15"
        },
        "moving": {
            "canLook": false,
            "walk": {
                "canWalk": true,
                "avoidsLand": false
            },
            "swim": {
                "swimSpeed": 0.1,
                "canSwimInWater": false,
                "canBreatheUnderwater": false
            },
			"fly": {
			"canFly": true
			}
        }
    }
}