{
  "target": "cobblemon:giratina",
  "implemented": true,
  "baseScale": 1.1,
  "hitbox": {
    "width": 4.5,
    "height": 6.5,
    "fixed": false
  },
  "behaviour": {
    "herd": {
      "maxSize": "1"
    },
    "resting": {
      "times": [
        "any"
      ],
      "drowsyChance": 0.0014,
      "rouseChance": 0.0042
    },
    "moving": {
      "walk": {
        "walkSpeed": 0.17
      },
      "swim": {
        "avoidsWater": true
      },
      "fly": {
        "canFly": true
      }
    },
    "combat": {
      "willDefendSelf": true,
      "willDefendOwner": true,
      "willFlee": false
    }
  }
}