{
  "species": "cobblemon:spritzee",
  "order": 1,
  "variations": [
    {
      "aspects": [],
      "poser": "cobblemon:spritzee",
      "model": "cobblemon:spritzee.geo",
      "texture": "cobblemon:textures/pokemon/spritzee/spritzee.png",
      "layers": [
        {
              "name": "glow",
              "emissive": true,
              "texture": "cobblemon:textures/pokemon/spritzee/spritzee_emissive.png",
              "translucent": true
        }
      ]
    },
    {
      "aspects": [
        "shiny"
      ],
      "texture": "cobblemon:textures/pokemon/spritzee/spritzee_shiny.png",
      "layers": [
        {
              "name": "glow",
              "emissive": true,
              "texture": "cobblemon:textures/pokemon/spritzee/spritzee_shiny_emissive.png",
              "translucent": true
        }
      ]
    }
  ]
}