{
  "species": "cobblemon:mienfoo",
  "order": 1,
  "variations": [
    {
      "aspects": [],
      "poser": "cobblemon:mienfoo",
      "model": "cobblemon:mienfoo.geo",
      "texture": "cobblemon:textures/pokemon/0619_mienfoo/mienfoo.png",
      "layers": []
    },
    {
      "aspects": [
        "shiny"
      ],
      "poser": "cobblemon:mienfoo",
      "model": "cobblemon:mienfoo.geo",
      "texture": "cobblemon:textures/pokemon/0619_mienfoo/mienfoo_shiny.png",
      "layers": []
    }
  ]
}