{
    "species": "cobblemon:mrmime",
    "order": 2,
    "variations": [
      {
        "aspects": ["galarian"],
        "poser": "cobblemon:mr_mime",
        "model": "cobblemon:mr_mime_galarian.geo",
        "texture": "cobblemon:textures/pokemon/mrmime_galarian/mr_mime_galarian.png",
        "layers": []
      },
      {
        "aspects": [ 
          "galarian",
          "shiny"
        ],
        "texture": "cobblemon:textures/pokemon/mrmime_galarian/mr_mime_galarian_shiny.png"
      }
    ]
   }